time;Low Activity Period;Options Expiration;Earnings (Major Companies);Macro Event;Macro Time (ET);Impact;Actual;Estimate;Previous
2021-01-04;Début année (faible activité);;;Manufacturing PMI (Dec);14:45;High;57,1;56,5;56,7
2021-01-05;;;;ISM Manufacturing PMI (Dec);15:00;High;60,7;56,6;57,5
2021-01-06;;;;FOMC Minutes;19:00;High;;;
2021-01-07;;;;Jobless Claims 4-Week Average (Jan/02);13:30;Medium;818,75;810;837,5
2021-01-08;;;;Unemployment Rate (Dec);13:30;High;6,7;6,8;6,7
2021-01-11;;;;Fed Bostic Speech;17:00;Medium;;;
2021-01-12;;;;Fed Brainard Speech;14:35;Medium;;;
2021-01-13;;;;Inflation Rate YoY (Dec);13:30;High;1,4;1,3;1,2
2021-01-14;;;;Continuing Jobless Claims (Jan/02);13:30;Medium;5271;5061;5072
2021-01-15;;MENSUELLE;;Retail Sales MoM (Dec);13:30;High;-0,7;-0,2;-1,4
2021-01-19;;;;Treasury Secretary Yellen Senate Confirmation Hearing;15:00;High;;;
2021-01-20;;;;Joe Biden's Inauguration;00:00;Medium;;;
2021-01-21;;;;Continuing Jobless Claims (Jan/09);13:30;Medium;5054;5400;5181
2021-01-22;;;;Manufacturing PMI (Jan);14:45;High;59,1;56,5;57,1
2021-01-25;;;;Chicago Fed National Activity Index (Dec);13:30;Medium;0,52;0,1;0,31
2021-01-26;;;Microsoft (after-market);CB Consumer Confidence (Jan);15:00;High;89,3;89;87,1
2021-01-27;;;Apple (after-market);Durable Goods Orders MoM (Dec);13:30;High;0,2;0,9;1,2
2021-01-28;;;;GDP Growth Rate QoQ (Q4);13:30;High;4;4;33,4
2021-01-29;;;;Core PCE Price Index YoY (Dec);13:30;High;1,5;1,3;1,4
2021-02-01;;;;Manufacturing PMI (Jan);14:45;High;59,2;59,1;57,1
2021-02-02;;;;Fed Mester Speech;19:00;Medium;;;
2021-02-03;;;;MBA Mortgage Applications (Jan/29);12:00;Medium;8,1;;-4,1
2021-02-04;;;;Initial Jobless Claims (Jan/30);13:30;Medium;779;830;812
2021-02-05;;;;Non Farm Payrolls (Jan);13:30;High;49;50;-227
2021-02-08;;;;Fed Mester Speech;17:00;Medium;;;
2021-02-09;;;;Fed Bullard Speech;17:00;Medium;;;
2021-02-10;;;;Inflation Rate YoY (Jan);13:30;High;1,4;1,5;1,4
2021-02-11;;;;Continuing Jobless Claims (Jan/30);13:30;Medium;4545;4490;4690
2021-02-12;;;;Michigan Consumer Sentiment (Feb);15:00;High;76,2;80,8;79
2021-02-16;;;;Fed Bowman Speech;16:10;Medium;;;
2021-02-17;;;;Retail Sales MoM (Jan);13:30;High;5,3;1,1;-1
2021-02-18;;;;Fed Brainard Speech;13:00;Medium;;;
2021-02-19;;MENSUELLE;;Manufacturing PMI (Feb);14:45;High;58,5;58,5;59,2
2021-02-22;;;;Chicago Fed National Activity Index (Jan);13:30;Medium;0,66;0,39;0,41
2021-02-23;;;;CB Consumer Confidence (Feb);15:00;High;91,3;90;88,9
2021-02-24;;;;MBA Mortgage Applications (Feb/19);12:00;Medium;-11,4;;-5,1
2021-02-25;;;;GDP Growth Rate QoQ (Q4);13:30;High;4,1;4,2;33,4
2021-02-26;;;;PCE Price Index YoY (Jan);13:30;High;1,5;1,5;1,3
2021-03-01;;;;Manufacturing PMI (Feb);14:45;High;58,6;58,5;59,2
2021-03-02;;;;Fed Brainard Speech;18:00;Medium;;;
2021-03-03;;;;MBA Mortgage Applications (Feb/26);12:00;Medium;0,5;;-11,4
2021-03-04;;;;Initial Jobless Claims (Feb/27);13:30;Medium;745;750;736
2021-03-05;;;;Non Farm Payrolls (Feb);13:30;High;379;182;166
2021-03-08;;;;Wholesale Inventories MoM (Jan);15:00;Medium;1,3;1,3;0,6
2021-03-09;;;;Fed Kaplan Speech;23:05;Medium;;;
2021-03-10;;;;Inflation Rate YoY (Feb);13:30;High;1,7;1,7;1,4
2021-03-11;;;;Jobless Claims 4-Week Average (Mar/06);13:30;Medium;759;757,5;793
2021-03-12;;;;Michigan Consumer Sentiment (Mar);15:00;High;83;78,5;76,8
2021-03-15;;;;Foreign Bond Investment (Jan);20:00;Medium;-49;;-20,7
2021-03-16;;;;Retail Sales MoM (Feb);12:30;High;-3;-0,5;7,6
2021-03-17;;;;FOMC Economic Projections;18:00;High;;;
2021-03-18;;;;Initial Jobless Claims (Mar/13);12:30;Medium;770;700;725
2021-03-19;;QUADRUPLE_WITCHING + MENSUELLE;;;;;;;
2021-03-22;;;;Chicago Fed National Activity Index (Feb);12:30;Medium;-1,09;0,78;0,75
2021-03-23;;;;Fed Bullard Speech;13:00;Medium;;;
2021-03-24;;;;Durable Goods Orders MoM (Feb);12:30;High;-1,1;0,8;3,5
2021-03-25;;;;GDP Growth Rate QoQ (Q4);12:30;High;4,3;4,1;33,4
2021-03-26;;;;PCE Price Index YoY (Feb);12:30;High;1,6;1,7;1,4
2021-03-29;;;;Fed Waller Speech;15:00;Medium;;;
2021-03-30;;;;CB Consumer Confidence (Mar);14:00;High;109,7;96,9;90,4
2021-03-31;;;;President Biden Speech on Recovery Package;00:00;High;;;
2021-04-01;;;;Manufacturing PMI (Mar);13:45;High;59,1;59;58,6
2021-04-02;;;;Non Farm Payrolls (Mar);12:30;High;916;647;468
2021-04-05;;;;Factory Orders MoM (Feb);14:00;Medium;-0,8;-0,5;2,7
2021-04-06;;;;;;;;;
2021-04-07;;;;FOMC Minutes;18:00;High;;;
2021-04-08;;;;Jobless Claims 4-Week Average (Apr/03);12:30;Medium;723,75;704,25;721,25
2021-04-09;;;;Producer Price Index MoM (Mar);12:30;Medium;1;0,5;0,5
2021-04-12;;;;Fed Rosengren Speech;17:00;Medium;;;
2021-04-13;;;;Core Inflation Rate YoY (Mar);12:30;High;1,6;1,5;1,3
2021-04-14;;;;MBA Mortgage Applications (Apr/09);11:00;Medium;-3,7;;-5,1
2021-04-15;;;;Retail Sales MoM (Mar);12:30;High;9,8;5,9;-2,7
2021-04-16;;MENSUELLE;;Michigan Consumer Sentiment (Apr);14:00;High;86,5;89,6;84,9
2021-04-19;;;;;;;;;
2021-04-20;;;;;;;;;
2021-04-21;;;;MBA Mortgage Applications (Apr/16);11:00;Medium;8,6;;-3,7
2021-04-22;;;;Chicago Fed National Activity Index (Mar);12:30;Medium;1,71;0,97;-1,2
2021-04-23;;;;Manufacturing PMI (Apr);13:45;High;60,6;60,5;59,1
2021-04-26;;;;Durable Goods Orders MoM (Mar);12:30;High;0,5;2,5;-0,9
2021-04-27;;;Microsoft (after-market);CB Consumer Confidence (Apr);14:00;High;121,7;113;109
2021-04-28;;;Apple (after-market);Fed Interest Rate Decision;18:00;High;0,25;0,25;0,25
2021-04-29;;;;GDP Growth Rate QoQ (Q1);12:30;High;6,4;6,1;4,3
2021-04-30;;;;Core PCE Price Index YoY (Mar);12:30;High;1,8;1,8;1,4
2021-05-03;;;;Manufacturing PMI (Apr);13:45;High;60,5;60,6;59,1
2021-05-04;;;;Balance of Trade (Mar);12:30;Medium;-74,4;-74,5;-70,5
2021-05-05;;;;MBA Mortgage Applications (Apr/30);11:00;Medium;-0,9;;-2,5
2021-05-06;;;;Initial Jobless Claims (May/01);12:30;Medium;498;540;590
2021-05-07;;;;Unemployment Rate (Apr);12:30;High;6,1;5,8;6
2021-05-10;;;;President Biden Remarks on the Economy;17:15;Medium;;;
2021-05-11;;;;Fed Williams Speech;14:30;Medium;;;
2021-05-12;;;;Inflation Rate YoY (Apr);12:30;High;4,2;3,6;2,6
2021-05-13;;;;Continuing Jobless Claims (May/01);12:30;Medium;3655;3655;3651
2021-05-14;;;;Retail Sales MoM (Apr);12:30;High;;1;9,8
2021-05-17;;;;NAHB Housing Market Index (May);14:00;Medium;83;83;83
2021-05-18;;;;Building Permits (Apr);12:30;Medium;0,3;1,75;1,7
2021-05-19;;;;FOMC Minutes;18:00;High;;;
2021-05-20;;;;Continuing Jobless Claims (May/08);12:30;Medium;3751;3640;3640
2021-05-21;;MENSUELLE;;Manufacturing PMI (May);13:45;High;61,5;60,2;60,5
2021-05-24;;;;Chicago Fed National Activity Index (Apr);12:30;Medium;0,24;2,5;1,71
2021-05-25;;;;CB Consumer Confidence (May);14:00;High;117,2;119,2;117,5
2021-05-26;;;;MBA Mortgage Applications (May/21);11:00;Medium;-4,2;;1,2
2021-05-27;;;;Durable Goods Orders MoM (Apr);12:30;High;-1,3;0,7;1,3
2021-05-28;;;;Core PCE Price Index YoY (Apr);12:30;High;3,1;2,9;1,9
2021-06-01;;;;Manufacturing PMI (May);13:45;High;62,1;61,5;60,5
2021-06-02;;;;MBA Mortgage Applications (May/28);11:00;Medium;-4;;-4,2
2021-06-03;;;;ADP Employment Change (May);12:15;Medium;978;650;654
2021-06-04;;;;Unemployment Rate (May);12:30;High;5,8;5,9;6,1
2021-06-07;;;;Consumer Credit Change (Apr);19:00;Medium;18,61;22;18,58
2021-06-08;;;;Balance of Trade (Apr);12:30;Medium;-68,9;-69;-75
2021-06-09;;;;MBA Mortgage Applications (Jun/04);11:00;Medium;-3,1;;-4
2021-06-10;;;;Core Inflation Rate YoY (May);12:30;High;3,8;3,4;3
2021-06-11;;;;Michigan Consumer Sentiment (Jun);14:00;High;86,4;84;82,9
2021-06-14;;;;;;;;;
2021-06-15;;;;Retail Sales MoM (May);12:30;High;-1,3;-0,8;0,9
2021-06-16;;;;Fed Interest Rate Decision;18:00;High;0,25;0,25;0,25
2021-06-17;;;;Initial Jobless Claims (Jun/12);12:30;Medium;412;359;375
2021-06-18;;QUADRUPLE_WITCHING + MENSUELLE;;;;;;;
2021-06-21;;;;Chicago Fed National Activity Index (May);12:30;Medium;0,29;0,15;-0,09
2021-06-22;;;;Existing Home Sales MoM;14:00;Medium;-0,9;-1;-2,7
2021-06-23;;;;Manufacturing PMI (Jun);13:45;High;62,6;61,5;62,1
2021-06-24;;;;Durable Goods Orders MoM (May);12:30;High;2,3;2,8;-0,8
2021-06-25;;;;Core PCE Price Index YoY (May);12:30;High;3,4;3,4;3,1
2021-06-28;;;;Fed Williams Speech;13:00;Medium;;;
2021-06-29;;;;CB Consumer Confidence (Jun);14:00;High;127,3;119;120
2021-06-30;;;;MBA Mortgage Applications (Jun/25);11:00;Medium;-6,9;;2,1
2021-07-01;;;;Manufacturing PMI (Jun);13:45;High;62,1;62,6;62,1
2021-07-02;;;;Non Farm Payrolls (Jun);12:30;High;850;700;583
2021-07-06;;;;ISM Non-Manufacturing PMI (Jun);14:00;Medium;60,1;63,5;64
2021-07-07;;;;FOMC Minutes;18:00;High;;;
2021-07-08;;;;Continuing Jobless Claims (Jun/26);12:30;Medium;3339;3335;3484
2021-07-09;;;;Wholesale Inventories MoM (May);14:00;Medium;1,3;1,1;1,1
2021-07-12;;;;;;;;;
2021-07-13;;;;Core Inflation Rate YoY (Jun);12:30;High;4,5;4;3,8
2021-07-14;;;;MBA Mortgage Applications (Jul/09);11:00;Medium;16;;-1,8
2021-07-15;Vacances d'été (faible activité);;;Initial Jobless Claims (Jul/10);12:30;Medium;360;360;386
2021-07-16;Vacances d'été (faible activité);MENSUELLE;;Retail Sales MoM (Jun);12:30;High;0,6;-0,4;-1,7
2021-07-19;Vacances d'été (faible activité);;;NAHB Housing Market Index (Jul);14:00;Medium;80;82;81
2021-07-20;Vacances d'été (faible activité);;;Housing Starts MoM (Jun);12:30;Medium;6,3;0,8;2,1
2021-07-21;Vacances d'été (faible activité);;;MBA Mortgage Applications (Jul/16);11:00;Medium;-4;;16
2021-07-22;Vacances d'été (faible activité);;;Jobless Claims 4-Week Average (Jul/17);12:30;Medium;385,25;363,5;384,5
2021-07-23;Vacances d'été (faible activité);;;Manufacturing PMI (Jul);13:45;High;63,1;62;62,1
2021-07-26;Vacances d'été (faible activité);;;New Home Sales (Jun);14:00;Medium;-6,6;3,5;-7,8
2021-07-27;Vacances d'été (faible activité);;Apple, Microsoft (after-market);Durable Goods Orders MoM (Jun);12:30;High;0,8;2,1;3,2
2021-07-28;Vacances d'été (faible activité);;;Fed Interest Rate Decision;18:00;High;0,25;0,25;0,25
2021-07-29;Vacances d'été (faible activité);;;GDP Growth Rate QoQ (Q2);12:30;High;6,5;8,5;6,3
2021-07-30;Vacances d'été (faible activité);;;Core PCE Price Index YoY (Jun);12:30;High;3,5;3,7;3,4
2021-08-02;Vacances d'été (faible activité);;;Manufacturing PMI (Jul);13:45;High;63,4;63,1;62,1
2021-08-03;Vacances d'été (faible activité);;;Factory Orders MoM (Jun);14:00;Medium;1,5;1;2,3
2021-08-04;Vacances d'été (faible activité);;;MBA Mortgage Applications (Jul/30);11:00;Medium;-1,7;;5,7
2021-08-05;Vacances d'été (faible activité);;;Jobless Claims 4-Week Average (Jul/31);12:30;Medium;394;390,5;394,25
2021-08-06;Vacances d'été (faible activité);;;Unemployment Rate (Jul);12:30;High;5,4;5,7;5,9
2021-08-09;Vacances d'été (faible activité);;;Fed Bostic Speech;14:10;Medium;;;
2021-08-10;Vacances d'été (faible activité);;;Fed Evans Speech;18:30;Medium;;;
2021-08-11;Vacances d'été (faible activité);;;Core Inflation Rate YoY (Jul);12:30;High;4,3;4,3;4,5
2021-08-12;Vacances d'été (faible activité);;;Producer Price Index MoM (Jul);12:30;Medium;1;0,6;1
2021-08-13;Vacances d'été (faible activité);;;Michigan Consumer Sentiment (Aug);14:00;High;70,2;81,2;81,2
2021-08-16;Vacances d'été (faible activité);;;Foreign Bond Investment (Jun);20:00;Medium;10,9;;-93,4
2021-08-17;Vacances d'été (faible activité);;;Retail Sales MoM (Jul);12:30;High;-1,1;-0,3;0,7
2021-08-18;Vacances d'été (faible activité);;;FOMC Minutes;18:00;High;;;
2021-08-19;Vacances d'été (faible activité);;;Continuing Jobless Claims (Aug/07);12:30;Medium;2820;2800;2899
2021-08-20;Vacances d'été (faible activité);MENSUELLE;;Fed Kaplan Speech;15:00;Medium;;;
2021-08-23;Vacances d'été (faible activité);;;Manufacturing PMI (Aug);13:45;High;61,2;62,5;63,4
2021-08-24;Vacances d'été (faible activité);;;New Home Sales (Jul);14:00;Medium;1;-2,7;-2,6
2021-08-25;Vacances d'été (faible activité);;;Durable Goods Orders MoM (Jul);12:30;High;-0,1;-0,3;0,8
2021-08-26;Vacances d'été (faible activité);;;GDP Growth Rate QoQ (Q2);12:30;High;6,6;6,7;6,3
2021-08-27;Vacances d'été (faible activité);;;PCE Price Index YoY (Jul);12:30;High;4,2;4,1;4
2021-08-30;Vacances d'été (faible activité);;;Pending Home Sales YoY (Jul);14:00;Medium;-8,5;-2;-2
2021-08-31;Vacances d'été (faible activité);;;CB Consumer Confidence (Aug);14:00;High;113,8;124;125,1
2021-09-01;Avant Labor Day (faible activité);;;Manufacturing PMI (Aug);13:45;High;61,1;61,2;63,4
2021-09-02;Avant Labor Day (faible activité);;;Continuing Jobless Claims (Aug/21);12:30;Medium;2748;2775;2908
2021-09-03;Avant Labor Day (faible activité);;;Unemployment Rate (Aug);12:30;High;5,2;5,2;5,4
2021-09-07;;;;;;;;;
2021-09-08;;;;MBA Mortgage Applications (Sep/03);11:00;Medium;-1,9;;-2,4
2021-09-09;;;;Jobless Claims 4-Week Average (Sep/04);12:30;Medium;339,5;344,75;356,25
2021-09-10;;;;Producer Price Index MoM (Aug);12:30;Medium;0,7;0,6;1
2021-09-13;;;;Monthly Budget Statement (Aug);18:00;Medium;-171;-173;-302
2021-09-14;;;;Inflation Rate YoY (Aug);12:30;High;5,3;5,3;5,4
2021-09-15;;;;MBA Mortgage Applications (Sep/10);11:00;Medium;0,3;;-1,9
2021-09-16;;;;Retail Sales MoM (Aug);12:30;High;0,7;-0,8;-1,8
2021-09-17;;QUADRUPLE_WITCHING + MENSUELLE;;Michigan Consumer Sentiment (Sep);14:00;High;71;72;70,3
2021-09-20;;;;NAHB Housing Market Index (Sep);14:00;Medium;76;74;75
2021-09-21;;;;Housing Starts MoM (Aug);12:30;Medium;3,9;2;-6,2
2021-09-22;;;;Fed Interest Rate Decision;18:00;High;0,25;0,25;0,25
2021-09-23;;;;Manufacturing PMI (Sep);13:45;High;60,5;61,5;61,1
2021-09-24;;;;Fed Clarida Speech;14:00;Medium;;;
2021-09-27;;;;Durable Goods Orders MoM (Aug);12:30;High;1,8;0,7;0,5
2021-09-28;;;;CB Consumer Confidence (Sep);14:00;High;109,3;114,5;115,2
2021-09-29;;;;MBA Mortgage Applications (Sep/24);11:00;Medium;-1,1;;4,9
2021-09-30;;;;GDP Growth Rate QoQ (Q2);12:30;High;6,7;6,6;6,3
2021-10-01;;;;PCE Price Index YoY (Aug);12:30;High;4,3;4,2;4,2
2021-10-04;;;;Factory Orders MoM (Aug);14:00;Medium;1,2;1;0,7
2021-10-05;;;;Balance of Trade (Aug);12:30;Medium;-73,3;-70,5;-70,3
2021-10-06;;;;MBA Mortgage Applications (Oct/01);11:00;Medium;-6,9;;-1,1
2021-10-07;;;;Continuing Jobless Claims (Sep/25);12:30;Medium;2714;2780;2811
2021-10-08;;;;Unemployment Rate (Sep);12:30;High;4,8;5,1;5,2
2021-10-11;;;;;;;;;
2021-10-12;;;;Fed Clarida Speech;15:15;Medium;;;
2021-10-13;;;;Core Inflation Rate YoY (Sep);12:30;High;4;4;4
2021-10-14;;;;Fed Bowman Speech;00:00;Medium;;;
2021-10-15;;MENSUELLE;;Retail Sales MoM (Sep);12:30;High;0,7;-0,2;0,9
2021-10-18;;;;Fed Quarles Speech;09:30;Medium;;;
2021-10-19;;;;Building Permits (Sep);12:30;Medium;-7,7;1,69;5,6
2021-10-20;;;;MBA Mortgage Applications (Oct/15);11:00;Medium;-6,3;;0,2
2021-10-21;;;;Continuing Jobless Claims (Oct/09);12:30;Medium;2481;2550;2603
2021-10-22;;;;Manufacturing PMI (Oct);13:45;High;59,2;60,3;60,7
2021-10-25;;;;Chicago Fed National Activity Index (Sep);12:30;Medium;-0,13;0,18;0,05
2021-10-26;;;Microsoft (after-market);CB Consumer Confidence (Oct);14:00;High;113,8;108,3;109,8
2021-10-27;;;;Durable Goods Orders MoM (Sep);12:30;High;-0,4;-1,1;1,3
2021-10-28;;;Apple (after-market);GDP Growth Rate QoQ (Q3);12:30;High;2;2,7;6,7
2021-10-29;;;;PCE Price Index YoY (Sep);12:30;High;4,4;4,4;4,2
2021-11-01;;;;Manufacturing PMI (Oct);13:45;High;58,4;59,2;60,7
2021-11-02;;;;;;;;;
2021-11-03;;;;Fed Interest Rate Decision;18:00;High;0,25;0,25;0,25
2021-11-04;;;;Continuing Jobless Claims (Oct/23);12:30;Medium;2105;2118;2239
2021-11-05;;;;Non Farm Payrolls (Oct);12:30;High;531;450;312
2021-11-08;;;;Fed Clarida Speech;14:00;Medium;;;
2021-11-09;;;;Producer Price Index MoM (Oct);13:30;High;0,6;0,6;0,5
2021-11-10;;;;Core Inflation Rate YoY (Oct);13:30;High;4,6;4,3;4
2021-11-11;;;;;;;;;
2021-11-12;;;;Michigan Consumer Sentiment (Nov);15:00;High;66,8;72,4;71,7
2021-11-15;;;;President Biden and President Xi Jinping Virtual Meeting;00:00;High;;;
2021-11-16;;;;Retail Sales MoM (Oct);13:30;High;1,7;1,4;0,8
2021-11-17;;;;MBA Mortgage Applications (Nov/12);12:00;Medium;-2,8;;5,5
2021-11-18;;;;Fed Bostic Speech;12:30;Medium;;;
2021-11-19;;MENSUELLE;;Fed Waller Speech;15:45;Medium;;;
2021-11-22;;;;Chicago Fed National Activity Index (Oct);13:30;Medium;0,76;0,9;-0,18
2021-11-23;;;;Manufacturing PMI (Nov);14:45;High;59,1;59;58,4
2021-11-24;;;;GDP Growth Rate QoQ (Q3);13:30;High;2,1;2,2;6,7
2021-11-26;Black Friday (demi-journée);;;;;;;;
2021-11-29;;;;Fed Chair Powell Speech;20:05;High;;;
2021-11-30;;;;CB Consumer Confidence (Nov);15:00;High;109,5;111;111,6
2021-12-01;;;;Manufacturing PMI (Nov);14:45;High;58,3;59,1;58,4
2021-12-02;;;;Initial Jobless Claims (Nov/27);13:30;Medium;222;240;194
2021-12-03;;;;Non Farm Payrolls (Nov);13:30;High;210;550;546
2021-12-06;;;;;;;;;
2021-12-07;;;;Balance of Trade (Oct);13:30;Medium;-67,1;-66,8;-81,4
2021-12-08;;;;MBA Mortgage Applications (Dec/03);12:00;Medium;2;;-7,2
2021-12-09;;;;Jobless Claims 4-Week Average (Dec/04);13:30;Medium;218,75;227,75;240
2021-12-10;;;;Core Inflation Rate YoY (Nov);13:30;High;4,9;4,9;4,6
2021-12-13;;;;;;;;;
2021-12-14;;;;Producer Price Index MoM (Nov);13:30;Medium;0,8;0,5;0,6
2021-12-15;;;;Retail Sales MoM (Nov);13:30;High;0,3;0,8;1,8
2021-12-16;;;;Manufacturing PMI (Dec);14:45;High;57,8;58,5;58,3
2021-12-17;;QUADRUPLE_WITCHING + MENSUELLE;;Fed Waller Speech;18:00;Medium;;;
2021-12-20;;;;Leading Index MoM (Nov);15:00;Medium;1,1;0,9;0,9
2021-12-21;;;;;;;;;
2021-12-22;;;;GDP Growth Rate QoQ (Q3);13:30;High;2,3;2,1;6,7
2021-12-23;;;;Core PCE Price Index YoY (Nov);13:30;High;4,7;4,5;4,2
2021-12-27;Post-Noël (faible activité);;;;;;;;
2021-12-28;Post-Noël (faible activité);;;House Price Index MoM (Oct);14:00;Medium;1,1;0,7;0,9
2021-12-29;Post-Noël (faible activité);;;Retail Inventories Ex Autos MoM (Nov);13:30;Medium;1,3;0,6;0,7
2021-12-30;Post-Noël (faible activité);;;Continuing Jobless Claims (Dec/18);13:30;Medium;1716;1868;1856
2022-01-03;Début année (faible activité);;;Manufacturing PMI (Dec);14:45;High;57,7;57,8;58,3
2022-01-04;Début année (faible activité);;;ISM Manufacturing PMI (Dec);15:00;High;58,7;60;61,1
2022-01-05;;;;FOMC Minutes;19:00;High;;;
2022-01-06;;;;ISM Non-Manufacturing PMI (Dec);15:00;High;62;66,9;69,1
2022-01-07;;;;Unemployment Rate (Dec);13:30;High;3,9;4,1;4,2
2022-01-10;;;;Wholesale Inventories MoM (Nov);15:00;Medium;1,4;1,2;2,5
2022-01-11;;;;Fed Chair Powell Testimony;15:00;High;;;
2022-01-12;;;;Core Inflation Rate YoY (Dec);13:30;High;5,5;5,4;4,9
2022-01-13;;;;Fed Harker Speech;13:00;Medium;;;
2022-01-14;;;;Retail Sales MoM (Dec);13:30;High;-1,9;0,3;0,2
2022-01-18;;;;NAHB Housing Market Index (Jan);15:00;Medium;83;84;84
2022-01-19;;;;MBA Mortgage Applications (Jan/14);12:00;Medium;2,3;;1,4
2022-01-20;;;;Initial Jobless Claims (Jan/15);13:30;Medium;286;220;231
2022-01-21;;MENSUELLE;;Leading Index MoM (Dec);15:00;Medium;0,8;0,8;0,7
2022-01-24;;;;Manufacturing PMI (Jan);14:45;High;55;56,7;57,7
2022-01-25;;;Microsoft (after-market);CB Consumer Confidence (Jan);15:00;High;113,8;111,8;115,2
2022-01-26;;;;Fed Press Conference;19:30;High;;;
2022-01-27;;;Apple (after-market);Durable Goods Orders MoM (Dec);13:30;High;-0,9;-0,5;3,2
2022-01-28;;;;Core PCE Price Index YoY (Dec);13:30;High;4,9;4,8;4,7
2022-01-31;;;;Fed George Speech;17:40;Medium;;;
2022-02-01;;;;Manufacturing PMI (Jan);14:45;High;55,5;55;57,7
2022-02-02;;;;MBA Mortgage Applications (Jan/28);12:00;Medium;12;;-7,1
2022-02-03;;;;ISM Non-Manufacturing PMI (Jan);15:00;High;59,9;59,5;62,3
2022-02-04;;;;Non Farm Payrolls (Jan);13:30;High;467;150;510
2022-02-07;;;;Consumer Credit Change (Dec);20:00;Medium;18,9;22;38,82
2022-02-08;;;;Exports (Dec);13:30;Medium;228,1;226,7;224,7
2022-02-09;;;;MBA Mortgage Applications (Feb/04);12:00;Medium;-8,1;;12
2022-02-10;;;;Inflation Rate YoY (Jan);13:30;High;7,5;7,3;7
2022-02-11;;;;Michigan Consumer Sentiment (Feb);15:00;High;61,7;67,5;67,2
2022-02-14;;;;Fed Bullard Speech;16:00;Medium;;;
2022-02-15;;;;Producer Price Index MoM (Jan);13:30;Medium;1;0,5;0,4
2022-02-16;;;;Retail Sales MoM (Jan);13:30;High;3,8;2;-2,5
2022-02-17;;;;Continuing Jobless Claims (Feb/05);13:30;Medium;1593;1605;1619
2022-02-18;;MENSUELLE;;Existing Home Sales MoM;15:00;Medium;6,7;-1;-3,8
2022-02-22;;;;Manufacturing PMI (Feb);14:45;High;57,5;56;55,5
2022-02-23;;;;MBA Mortgage Applications (Feb/18);12:00;Medium;-13,1;;-5,4
2022-02-24;;;;GDP Growth Rate QoQ (Q4);13:30;High;7;7;2,3
2022-02-25;;;;Durable Goods Orders MoM (Jan);13:30;High;1,6;0,8;1,2
2022-02-28;;;;Goods Trade Balance Adv (Jan);13:30;Medium;-107,63;-99;-100,47
2022-03-01;;;;Manufacturing PMI (Feb);14:45;High;57,3;57,5;55,5
2022-03-02;;;;MBA Mortgage Applications (Feb/25);12:00;Medium;-0,7;;-13,1
2022-03-03;;;;ISM Non-Manufacturing PMI (Feb);15:00;High;56,5;61;59,9
2022-03-04;;;;Non Farm Payrolls (Feb);13:30;High;678;400;481
2022-03-07;;;;Consumer Credit Change (Jan);20:00;Medium;6,84;23,8;22,38
2022-03-08;;;;Balance of Trade (Jan);13:30;Medium;-89,7;-87,1;-82
2022-03-09;;;;MBA Mortgage Applications (Mar/04);12:00;Medium;8,5;;-0,7
2022-03-10;;;;Core Inflation Rate YoY (Feb);13:30;High;6,4;6,4;6
2022-03-11;;;;Michigan Consumer Sentiment (Mar);15:00;High;59,7;61,4;62,8
2022-03-14;;;;;;;;;
2022-03-15;;;;Producer Price Index MoM (Feb);12:30;High;0,8;0,9;1,2
2022-03-16;;;;Retail Sales MoM (Feb);12:30;High;0,3;0,4;4,9
2022-03-17;;;;Philly Fed Employment (Mar);12:30;Medium;38,9;33;32,3
2022-03-18;;QUADRUPLE_WITCHING + MENSUELLE;;Existing Home Sales MoM;14:00;Medium;-7,2;-5;6,6
2022-03-21;;;;Fed Bostic Speech;12:00;Medium;;;
2022-03-22;;;;Fed Williams Speech;14:30;Medium;;;
2022-03-23;;;;MBA Mortgage Applications (Mar/18);11:00;Medium;-8,1;;-1,2
2022-03-24;;;;Durable Goods Orders MoM (Feb);12:30;High;-2,2;-0,5;1,6
2022-03-25;;;;Michigan Consumer Sentiment (Mar);14:00;High;59,4;59,7;62,8
2022-03-28;;;;Retail Inventories Ex Autos MoM (Feb);12:30;Medium;1,2;;1,7
2022-03-29;;;;CB Consumer Confidence (Mar);14:00;High;107,2;107;105,7
2022-03-30;;;;GDP Growth Rate QoQ (Q4);12:30;High;6,9;7,1;2,3
2022-03-31;;;;PCE Price Index YoY (Feb);12:30;High;6,4;;6
2022-04-01;;;;Unemployment Rate (Mar);12:30;High;3,6;3,7;3,8
2022-04-04;;;;Factory Orders MoM (Feb);14:00;Medium;-0,5;-0,5;1,5
2022-04-05;;;;ISM Non-Manufacturing PMI (Mar);14:00;High;58,3;58,4;56,5
2022-04-06;;;;FOMC Minutes;18:00;High;;;
2022-04-07;;;;Continuing Jobless Claims (Mar/26);12:30;Medium;1523;1311;1506
2022-04-08;;;;Wholesale Inventories MoM (Feb);14:00;Medium;2,5;2,1;1,2
2022-04-11;;;;Fed Bostic Speech;13:30;Medium;;;
2022-04-12;;;;Inflation Rate YoY (Mar);12:30;High;8,5;8,4;7,9
2022-04-13;;;;Producer Price Index MoM (Mar);12:30;High;1,4;1,1;0,9
2022-04-14;;;;Retail Sales MoM (Mar);12:30;High;0,5;0,6;0,8
2022-04-15;;MENSUELLE;;Industrial Production MoM (Mar);13:15;Medium;0,9;0,4;0,9
2022-04-18;;;;NAHB Housing Market Index (Apr);14:00;Medium;77;77;79
2022-04-19;;;;IMF/World Economic Outlook;00:00;Medium;;;
2022-04-20;;;;MBA Mortgage Applications (Apr/15);11:00;Medium;-5;;-1,3
2022-04-21;;;;Initial Jobless Claims (Apr/16);12:30;Medium;184;180;186
2022-04-22;;;;S&P Global Manufacturing PMI (Apr);13:45;Medium;59,7;58,2;58,8
2022-04-25;;;;Chicago Fed National Activity Index (Mar);12:30;Medium;0,44;0,4;0,54
2022-04-26;;;Microsoft (after-market);Durable Goods Orders MoM (Mar);12:30;High;0,8;1;-1,7
2022-04-27;;;;MBA Mortgage Applications (Apr/22);11:00;Medium;-8,3;;-5
2022-04-28;;;Apple (after-market);GDP Growth Rate QoQ (Q1);12:30;High;-1,4;1,1;6,9
2022-04-29;;;;Core PCE Price Index YoY (Mar);12:30;High;5,2;5,3;5,3
2022-05-02;;;;ISM Manufacturing PMI (Apr);14:00;High;55,4;57,6;57,1
2022-05-03;;;;Factory Orders MoM (Mar);14:00;Medium;2,2;1,1;0,1
2022-05-04;;;;ISM Non-Manufacturing PMI (Apr);14:00;High;57,1;58,5;58,3
2022-05-05;;;;Continuing Jobless Claims (Apr/23);12:30;Medium;1384;1400;1403
2022-05-06;;;;Unemployment Rate (Apr);12:30;High;3,6;3,5;3,6
2022-05-09;;;;Fed Bostic Speech;12:45;Medium;;;
2022-05-10;;;;Fed Williams Speech;11:40;Medium;;;
2022-05-11;;;;Inflation Rate YoY (Apr);12:30;High;8,3;8,1;8,5
2022-05-12;;;;Producer Price Index MoM (Apr);12:30;High;0,5;0,5;1,6
2022-05-13;;;;Michigan Consumer Sentiment (May);14:00;High;59,1;64;65,2
2022-05-16;;;;Fed Williams Speech;12:55;Medium;;;
2022-05-17;;;;Retail Sales MoM (Apr);12:30;High;0,9;0,9;1,4
2022-05-18;;;;MBA Mortgage Applications (May/13);11:00;Medium;-11;;2
2022-05-19;;;;Philadelphia Fed Manufacturing Index (May);12:30;Medium;2,6;16;17,6
2022-05-20;;MENSUELLE;;;;;;;
2022-05-23;;;;Chicago Fed National Activity Index (Apr);12:30;Medium;0,47;0,35;0,36
2022-05-24;;;;S&P Global Manufacturing PMI (May);13:45;Medium;57,5;57,5;59,2
2022-05-25;;;;Durable Goods Orders MoM (Apr);12:30;High;0,4;0,6;0,6
2022-05-26;;;;GDP Growth Rate QoQ (Q1);12:30;High;-1,5;-1,3;6,9
2022-05-27;;;;PCE Price Index YoY (Apr);12:30;High;6,3;6,4;6,6
2022-05-31;Post-Memorial Day (faible activité);;;CB Consumer Confidence (May);14:00;High;106,4;103,9;108,6
2022-06-01;;;;ISM Manufacturing PMI (May);14:00;High;56,1;54,5;55,4
2022-06-02;;;;ADP Employment Change (May);12:15;Medium;128;300;202
2022-06-03;;;;Unemployment Rate (May);12:30;High;3,6;3,5;3,6
2022-06-06;;;;;;;;;
2022-06-07;;;;Imports (Apr);12:30;Medium;339,7;336;351,8
2022-06-08;;;;MBA Mortgage Applications (Jun/03);11:00;Medium;-6,5;;-2,3
2022-06-09;;;;Continuing Jobless Claims (May/28);12:30;Medium;1306;1305;1306
2022-06-10;;;;Inflation Rate YoY (May);12:30;High;8,6;8,3;8,3
2022-06-13;;;;Fed Brainard Speech;18:00;Medium;;;
2022-06-14;;;;Producer Price Index MoM (May);12:30;High;0,8;0,8;0,4
2022-06-15;;;;Retail Sales MoM (May);12:30;High;-0,3;0,2;0,7
2022-06-16;;;;Housing Starts MoM (May);12:30;Medium;-14,4;-1,5;5,5
2022-06-17;;QUADRUPLE_WITCHING + MENSUELLE;;Fed Chair Powell Speech;12:45;Medium;;;
2022-06-20;;;;;;;;;
2022-06-21;;;;Chicago Fed National Activity Index (May);12:30;Medium;0,01;0,32;0,4
2022-06-22;;;;Fed Chair Powell Testimony;13:30;High;;;
2022-06-23;;;;Fed Chair Powell Testimony;14:00;High;;;
2022-06-24;;;;Michigan Consumer Sentiment (Jun);14:00;High;50;50,2;58,4
2022-06-27;;;;Durable Goods Orders MoM (May);12:30;High;0,7;0,1;0,4
2022-06-28;;;;CB Consumer Confidence (Jun);14:00;High;98,7;100,4;103,2
2022-06-29;;;;GDP Growth Rate QoQ (Q1);12:30;High;-1,6;-1,5;6,9
2022-06-30;;;;Core PCE Price Index YoY (May);12:30;High;4,7;4,8;4,9
2022-07-01;;;;ISM Manufacturing PMI (Jun);14:00;High;53;54,9;56,1
2022-07-05;;;;Factory Orders MoM (May);14:00;Medium;1,6;0,5;0,7
2022-07-06;;;;ISM Non-Manufacturing PMI (Jun);14:00;High;55,3;54,3;55,9
2022-07-07;;;;Continuing Jobless Claims (Jun/25);12:30;Medium;1375;1327;1324
2022-07-08;;;;Non Farm Payrolls (Jun);12:30;High;372;268;384
2022-07-11;;;;Fed Williams Speech;18:00;Medium;;;
2022-07-12;;;;Fed Barkin Speech;16:30;Medium;;;
2022-07-13;;;;Core Inflation Rate YoY (Jun);12:30;High;5,9;5,7;6
2022-07-14;;;;Producer Price Index MoM (Jun);12:30;High;1,1;0,8;0,9
2022-07-15;Vacances d'été (faible activité);MENSUELLE;;Retail Sales MoM (Jun);12:30;High;1;0,8;-0,1
2022-07-18;Vacances d'été (faible activité);;;NAHB Housing Market Index (Jul);14:00;Medium;55;65;67
2022-07-19;Vacances d'été (faible activité);;;Housing Starts MoM (Jun);12:30;Medium;-2;0,8;-11,9
2022-07-20;Vacances d'été (faible activité);;;MBA Mortgage Applications (Jul/15);11:00;Medium;-6,3;;-1,7
2022-07-21;Vacances d'été (faible activité);;;Initial Jobless Claims (Jul/16);12:30;Medium;251;240;244
2022-07-22;Vacances d'été (faible activité);;;S&P Global Services PMI (Jul);13:45;Medium;47;52,6;52,7
2022-07-25;Vacances d'été (faible activité);;;Chicago Fed National Activity Index (Jun);12:30;Medium;-0,19;0,05;-0,19
2022-07-26;Vacances d'été (faible activité);;Microsoft (after-market);CB Consumer Confidence (Jul);14:00;High;95,7;97,2;98,7
2022-07-27;Vacances d'été (faible activité);;;Durable Goods Orders MoM (Jun);12:30;High;1,9;-0,5;0,8
2022-07-28;Vacances d'été (faible activité);;Apple (after-market);GDP Growth Rate QoQ (Q2);12:30;High;-0,9;0,5;-1,6
2022-07-29;Vacances d'été (faible activité);;;PCE Price Index YoY (Jun);12:30;High;6,8;6,7;6,3
2022-08-01;Vacances d'été (faible activité);;;ISM Manufacturing PMI (Jul);14:00;High;52,8;52;53
2022-08-02;Vacances d'été (faible activité);;;Fed Evans Speech;14:00;Medium;;;
2022-08-03;Vacances d'été (faible activité);;;ISM Non-Manufacturing PMI (Jul);14:00;High;56,7;53,5;55,3
2022-08-04;Vacances d'été (faible activité);;;Exports (Jun);12:30;Medium;260,8;257;256,5
2022-08-05;Vacances d'été (faible activité);;;Non Farm Payrolls (Jul);12:30;High;528;250;398
2022-08-08;Vacances d'été (faible activité);;;;;;;;
2022-08-09;Vacances d'été (faible activité);;;;;;;;
2022-08-10;Vacances d'été (faible activité);;;Inflation Rate YoY (Jul);12:30;High;8,5;8,7;9,1
2022-08-11;Vacances d'été (faible activité);;;Producer Price Index MoM (Jul);12:30;High;-0,5;0,2;1
2022-08-12;Vacances d'été (faible activité);;;Michigan Consumer Sentiment (Aug);14:00;High;55,1;52,5;51,5
2022-08-15;Vacances d'été (faible activité);;;NAHB Housing Market Index (Aug);14:00;Medium;49;55;55
2022-08-16;Vacances d'été (faible activité);;;Building Permits (Jul);12:30;Medium;-1,3;-1,2;0,1
2022-08-17;Vacances d'été (faible activité);;;Retail Sales MoM (Jul);12:30;High;;0,1;0,8
2022-08-18;Vacances d'été (faible activité);;;Initial Jobless Claims (Aug/13);12:30;Medium;250;265;252
2022-08-19;Vacances d'été (faible activité);MENSUELLE;;Fed Barkin Speech;13:00;Medium;;;
2022-08-22;Vacances d'été (faible activité);;;Chicago Fed National Activity Index (Jul);12:30;Medium;0,27;-0,02;-0,25
2022-08-23;Vacances d'été (faible activité);;;S&P Global Services PMI (Aug);13:45;Medium;44,1;49,2;47,3
2022-08-24;Vacances d'été (faible activité);;;Durable Goods Orders MoM (Jul);12:30;High;;0,6;2,2
2022-08-25;Vacances d'été (faible activité);;;GDP Growth Rate QoQ (Q2);12:30;High;-0,6;-0,8;-1,6
2022-08-26;Vacances d'été (faible activité);;;PCE Price Index YoY (Jul);12:30;High;6,3;6,2;6,8
2022-08-29;Vacances d'été (faible activité);;;Fed Brainard Speech;18:15;Medium;;;
2022-08-30;Vacances d'été (faible activité);;;CB Consumer Confidence (Aug);14:00;High;103,2;97,7;95,3
2022-08-31;Vacances d'été (faible activité);;;MBA Mortgage Applications (Aug/26);11:00;Medium;-3,7;;-1,2
2022-09-01;Avant Labor Day (faible activité);;;ISM Manufacturing PMI (Aug);14:00;High;52,8;52;52,8
2022-09-02;Avant Labor Day (faible activité);;;Unemployment Rate (Aug);12:30;High;3,7;3,5;3,5
2022-09-06;;;;ISM Non-Manufacturing PMI (Aug);14:00;High;56,9;55,1;56,7
2022-09-07;;;;MBA Mortgage Applications (Sep/02);11:00;Medium;-0,8;;-3,7
2022-09-08;;;;Initial Jobless Claims (Sep/03);12:30;Medium;222;240;228
2022-09-09;;;;Fed Evans Speech;14:00;Medium;;;
2022-09-12;;;;;;;;;
2022-09-13;;;;Core Inflation Rate YoY (Aug);12:30;High;6,3;6,1;5,9
2022-09-14;;;;Producer Price Index MoM (Aug);12:30;High;-0,1;-0,1;-0,4
2022-09-15;;;;Retail Sales MoM (Aug);12:30;High;0,3;0,1;-0,4
2022-09-16;;QUADRUPLE_WITCHING + MENSUELLE;;Michigan Consumer Sentiment (Sep);14:00;High;59,5;60;58,2
2022-09-19;;;;NAHB Housing Market Index (Sep);14:00;Medium;46;47;49
2022-09-20;;;;Housing Starts MoM (Aug);12:30;Medium;12,2;-1,8;-10,9
2022-09-21;;;;FOMC Economic Projections;18:00;High;;;
2022-09-22;;;;Continuing Jobless Claims (Sep/10);12:30;Medium;1379;1400;1401
2022-09-23;;;;S&P Global Composite PMI (Sep);13:45;Medium;49,3;48;44,6
2022-09-26;;;;Chicago Fed National Activity Index (Aug);12:30;Medium;;0,24;0,29
2022-09-27;;;;Durable Goods Orders MoM (Aug);12:30;High;-0,2;-0,4;-0,1
2022-09-28;;;;Fed Daly Speech;00:35;Medium;;;
2022-09-29;;;;GDP Growth Rate QoQ (Q2);12:30;High;-0,6;-0,6;-1,6
2022-09-30;;;;Core PCE Price Index YoY (Aug);12:30;High;4,9;4,7;4,7
2022-10-03;;;;S&P Global Manufacturing PMI (Sep);13:45;High;52;51,8;51,5
2022-10-04;;;;Fed Logan Speech;13:00;Medium;;;
2022-10-05;;;;ISM Non-Manufacturing PMI (Sep);14:00;High;56,7;56;56,9
2022-10-06;;;;Initial Jobless Claims (Oct/01);12:30;Medium;219;203;190
2022-10-07;;;;Non Farm Payrolls (Sep);12:30;High;263;250;315
2022-10-10;;;;Fed Evans Speech;13:00;Medium;;;
2022-10-11;;;;Fed Harker Speech;15:30;Medium;;;
2022-10-12;;;;Producer Price Index MoM (Sep);12:30;High;0,4;0,2;-0,2
2022-10-13;;;;Inflation Rate YoY (Sep);12:30;High;8,2;8,1;8,3
2022-10-14;;;;Retail Sales MoM (Sep);12:30;High;;0,2;0,4
2022-10-17;;;;;;;;;
2022-10-18;;;;Industrial Production YoY (Sep);13:15;Medium;5,3;3,4;3,9
2022-10-19;;;;MBA Mortgage Applications (Oct/14);11:00;Medium;-4,5;;-2
2022-10-20;;;;Continuing Jobless Claims (Oct/08);12:30;Medium;1385;1375;1364
2022-10-21;;MENSUELLE;;Fed Williams Speech;13:10;Medium;;;
2022-10-24;;;;Chicago Fed National Activity Index (Sep);12:30;Medium;0,1;0,12;0,1
2022-10-25;;;Microsoft (after-market);CB Consumer Confidence (Oct);14:00;High;102,5;106,5;107,8
2022-10-26;;;;MBA Mortgage Applications (Oct/21);11:00;Medium;-1,7;;-4,5
2022-10-27;;;Apple (after-market);GDP Growth Rate QoQ (Q3);12:30;High;2,6;2,4;-0,6
2022-10-28;;;;Core PCE Price Index YoY (Sep);12:30;High;5,1;5,2;4,9
2022-10-31;;;;;;;;;
2022-11-01;;;;ISM Manufacturing PMI (Oct);14:00;High;50,2;50;50,9
2022-11-02;;;;Fed Press Conference;18:30;High;;;
2022-11-03;;;;ISM Non-Manufacturing PMI (Oct);14:00;High;54,4;55,5;56,7
2022-11-04;;;;Non Farm Payrolls (Oct);12:30;High;261;200;315
2022-11-07;;;;Consumer Credit Change (Sep);20:00;Medium;24,98;30;32,24
2022-11-08;;;;2022 Midterm Elections;00:00;Medium;;;
2022-11-09;;;;Fed Williams Speech;08:00;Medium;;;
2022-11-10;;;;Core Inflation Rate YoY (Oct);13:30;High;6,3;6,5;6,6
2022-11-11;;;;Michigan Consumer Sentiment (Nov);15:00;High;54,7;59,5;59,9
2022-11-14;;;;Fed Brainard Speech;16:30;Medium;;;
2022-11-15;;;;Producer Price Index MoM (Oct);13:30;High;0,2;0,4;0,2
2022-11-16;;;;Retail Sales MoM (Oct);13:30;High;1,3;1;
2022-11-17;;;;Building Permits (Oct);13:30;High;1,526;1,526;1,564
2022-11-18;;MENSUELLE;;Fed Collins Speech;13:40;Medium;;;
2022-11-21;;;;Chicago Fed National Activity Index (Oct);13:30;Medium;-0,05;0,1;0,17
2022-11-22;;;;Fed Mester Speech;16:00;Medium;;;
2022-11-23;;;;Durable Goods Orders MoM (Oct);13:30;High;1;0,4;0,3
2022-11-25;Black Friday (demi-journée);;;;;;;;
2022-11-28;;;;Fed Williams Speech;17:00;Medium;;;
2022-11-29;;;;CB Consumer Confidence (Nov);15:00;High;100,2;100;102,2
2022-11-30;;;;GDP Growth Rate QoQ (Q3);13:30;High;2,9;2,7;-0,6
2022-12-01;;;;PCE Price Index YoY (Oct);13:30;High;6;5,9;6,3
2022-12-02;;;;Non Farm Payrolls (Nov);13:30;High;263;200;284
2022-12-05;;;;ISM Non-Manufacturing PMI (Nov);15:00;High;56,5;53,3;54,4
2022-12-06;;;;Imports (Oct);13:30;Medium;334,8;330;332,6
2022-12-07;;;;MBA Mortgage Applications (Dec/02);12:00;Medium;-1,9;;-0,8
2022-12-08;;;;Initial Jobless Claims (Dec/03);13:30;Medium;230;230;226
2022-12-09;;;;Producer Price Index MoM (Nov);13:30;High;0,3;0,2;0,3
2022-12-12;;;;Monthly Budget Statement (Nov);19:00;Medium;-249;-248;-88
2022-12-13;;;;Core Inflation Rate YoY (Nov);13:30;High;6;6,1;6,3
2022-12-14;;;;FOMC Economic Projections;19:00;High;;;
2022-12-15;;;;Retail Sales MoM (Nov);13:30;High;-0,6;-0,1;1,3
2022-12-16;;QUADRUPLE_WITCHING + MENSUELLE;;S&P Global Services PMI (Dec);14:45;Medium;44,4;46,8;46,2
2022-12-19;;;;NAHB Housing Market Index (Dec);15:00;Medium;31;34;33
2022-12-20;;;;Building Permits (Nov);13:30;High;1,342;1,485;1,512
2022-12-21;;;;CB Consumer Confidence (Dec);15:00;High;108,3;101;101,4
2022-12-22;;;;Initial Jobless Claims (Dec/17);13:30;Medium;216;222;214
2022-12-23;;;;Core PCE Price Index YoY (Nov);13:30;High;4,7;4,7;5
2022-12-27;Post-Noël (faible activité);;;Retail Inventories Ex Autos MoM (Nov);13:30;Medium;-0,3;-0,2;-0,7
2022-12-28;Post-Noël (faible activité);;;Pending Home Sales YoY (Nov);15:00;Medium;-37,8;-32;-37,1
2022-12-29;Post-Noël (faible activité);;;Continuing Jobless Claims (Dec/17);13:30;Medium;1710;1686;1669
2022-12-30;Post-Noël (faible activité);;;;;;;;
2023-01-03;Début année (faible activité);;;S&P Global Manufacturing PMI (Dec);14:45;Medium;46,2;46,2;47,7
2023-01-04;Début année (faible activité);;;ISM Manufacturing PMI (Dec);15:00;High;48,4;48,5;49
2023-01-05;;;;ADP Employment Change (Dec);13:15;Medium;235;150;182
2023-01-06;;;;Non Farm Payrolls (Dec);13:30;High;223;200;256
2023-01-09;;;;Fed Bostic Speech;17:30;Medium;;;
2023-01-10;;;;Fed Chair Powell Speech;14:00;Medium;;;
2023-01-11;;;;MBA 30-Year Mortgage Rate (Jan/06);12:00;Medium;6,42;;6,58
2023-01-12;;;;Core Inflation Rate YoY (Dec);13:30;High;5,7;5,7;6
2023-01-13;;;;Michigan Consumer Sentiment (Jan);15:00;High;64,6;60,5;59,7
2023-01-17;;;;Fed Williams Speech;20:00;Medium;;;
2023-01-18;;;;Retail Sales MoM (Dec);13:30;High;-1,1;-0,8;-1
2023-01-19;;;;Building Permits (Dec);13:30;High;1,33;1,37;1,351
2023-01-20;;MENSUELLE;;Fed Harker Speech;14:00;Medium;;;
2023-01-23;;;;Leading Index MoM (Dec);15:00;Medium;-0,8;-0,7;-1,1
2023-01-24;;;Microsoft (after-market);S&P Global Composite PMI (Jan);14:45;Medium;46,6;45,1;45
2023-01-25;;;;MBA 30-Year Mortgage Rate (Jan/20);12:00;Medium;6,2;;6,23
2023-01-26;;;;GDP Growth Rate QoQ (Q4);13:30;High;2,9;2,6;3,2
2023-01-27;;;;Core PCE Price Index YoY (Dec);13:30;High;4,4;4,4;4,7
2023-01-30;;;;;;;;;
2023-01-31;;;;CB Consumer Confidence (Jan);15:00;High;107,1;109;109
2023-02-01;;;;ISM Manufacturing PMI (Jan);15:00;High;47,4;48;48,4
2023-02-02;;;Apple (after-market);Continuing Jobless Claims (Jan/21);13:30;Medium;1655;1677;1666
2023-02-03;;;;Non Farm Payrolls (Jan);13:30;High;517;185;260
2023-02-06;;;;;;;;;
2023-02-07;;;;Exports (Dec);13:30;Medium;250,2;249,4;252,4
2023-02-08;;;;MBA 30-Year Mortgage Rate (Feb/03);12:00;Medium;6,18;;6,19
2023-02-09;;;;Initial Jobless Claims (Feb/04);13:30;Medium;196;190;183
2023-02-10;;;;Michigan Consumer Sentiment (Feb);15:00;High;66,4;65;64,9
2023-02-13;;;;Fed Bowman Speech;13:00;Medium;;;
2023-02-14;;;;Core Inflation Rate YoY (Jan);13:30;High;5,6;5,5;5,7
2023-02-15;;;;Retail Sales MoM (Jan);13:30;High;3;1,8;-1,1
2023-02-16;;;;Producer Price Index MoM (Jan);13:30;High;0,7;0,4;-0,2
2023-02-17;;MENSUELLE;;Fed Barkin Speech;13:30;Medium;;;
2023-02-21;;;;S&P Global Services PMI (Feb);14:45;Medium;50,5;47,2;46,8
2023-02-22;;;;FOMC Minutes;19:00;High;;;
2023-02-23;;;;GDP Growth Rate QoQ (Q4);13:30;High;2,7;2,9;3,2
2023-02-24;;;;Core PCE Price Index YoY (Jan);13:30;High;4,7;4,3;4,6
2023-02-27;;;;Durable Goods Orders MoM (Jan);13:30;High;-4,5;-4;5,1
2023-02-28;;;;CB Consumer Confidence (Feb);15:00;High;102,9;108,5;106
2023-03-01;;;;ISM Manufacturing PMI (Feb);15:00;High;47,7;48;47,4
2023-03-02;;;;Initial Jobless Claims (Feb/25);13:30;Medium;190;195;192
2023-03-03;;;;ISM Non-Manufacturing PMI (Feb);15:00;High;55,1;54,5;55,2
2023-03-06;;;;Factory Orders MoM (Jan);15:00;Medium;-1,6;-1,8;1,7
2023-03-07;;;;Fed Chair Powell Testimony;15:00;High;;;
2023-03-08;;;;Fed Chair Powell Testimony;15:00;High;;;
2023-03-09;;;;Initial Jobless Claims (Mar/04);13:30;Medium;211;195;190
2023-03-10;;;;Non Farm Payrolls (Feb);13:30;High;311;205;504
2023-03-13;;;;President Biden Speech on Banking System;13:00;High;;;
2023-03-14;;;;Inflation Rate YoY (Feb);12:30;High;6;6;6,4
2023-03-15;;;;Retail Sales MoM (Feb);12:30;High;-0,4;-0,3;3,2
2023-03-16;;;;Building Permits (Feb);12:30;High;1,524;1,34;1,339
2023-03-17;;QUADRUPLE_WITCHING + MENSUELLE;;Michigan Consumer Sentiment (Mar);14:00;High;63,4;67;67
2023-03-20;;;;;;;;;
2023-03-21;;;;Existing Home Sales MoM;14:00;Medium;14,5;5;-0,7
2023-03-22;;;;FOMC Economic Projections;18:00;High;;;
2023-03-23;;;;Initial Jobless Claims (Mar/18);12:30;Medium;191;197;192
2023-03-24;;;;Durable Goods Orders MoM (Feb);12:30;High;-1;0,6;-5
2023-03-27;;;;Fed Jefferson Speech;21:00;Medium;;;
2023-03-28;;;;CB Consumer Confidence (Mar);14:00;High;104,2;101;103,4
2023-03-29;;;;MBA 30-Year Mortgage Rate (Mar/24);11:00;Medium;6,45;;6,48
2023-03-30;;;;GDP Growth Rate QoQ (Q4);12:30;High;2,6;2,7;3,2
2023-03-31;;;;Core PCE Price Index YoY (Feb);12:30;High;4,6;4,7;4,7
2023-04-03;;;;ISM Manufacturing PMI (Mar);14:00;High;46,3;47,5;47,7
2023-04-04;;;;Factory Orders MoM (Feb);14:00;Medium;-0,7;-0,5;-2,1
2023-04-05;;;;ISM Non-Manufacturing PMI (Mar);14:00;High;51,2;54,5;55,1
2023-04-06;;;;Initial Jobless Claims (Apr/01);12:30;Medium;228;200;246
2023-04-07;;;;Non Farm Payrolls (Mar);12:30;High;236;239;326
2023-04-10;;;;Wholesale Inventories MoM (Feb);14:00;Medium;0,1;0,2;-0,6
2023-04-11;;;;Fed Harker Speech;20:00;Medium;;;
2023-04-12;;;;Core Inflation Rate YoY (Mar);12:30;High;5,6;5,6;5,5
2023-04-13;;;;Producer Price Index MoM (Mar);12:30;High;-0,5;0,1;
2023-04-14;;;;Retail Sales MoM (Mar);12:30;High;-1;-0,4;-0,2
2023-04-17;;;;NAHB Housing Market Index (Apr);14:00;Medium;45;44;44
2023-04-18;;;;Building Permits (Mar);12:30;High;1,413;1,45;1,55
2023-04-19;;;;MBA 30-Year Mortgage Rate (Apr/14);11:00;Medium;6,43;;6,3
2023-04-20;;;;Initial Jobless Claims (Apr/15);12:30;Medium;245;240;240
2023-04-21;;MENSUELLE;;S&P Global Manufacturing PMI (Apr);13:45;Medium;50,4;49;49,2
2023-04-24;;;;Chicago Fed National Activity Index (Mar);12:30;Medium;-0,19;-0,02;-0,19
2023-04-25;;;Microsoft (after-market);CB Consumer Confidence (Apr);14:00;High;101,3;104;104
2023-04-26;;;;Durable Goods Orders MoM (Mar);12:30;High;3,2;0,7;-1,2
2023-04-27;;;;GDP Growth Rate QoQ (Q1);12:30;High;1,1;2;2,6
2023-04-28;;;;PCE Price Index YoY (Mar);12:30;High;4,2;4,5;5,1
2023-05-01;;;;ISM Manufacturing PMI (Apr);14:00;High;47,1;46,8;46,3
2023-05-02;;;;Factory Orders MoM (Mar);14:00;Medium;0,9;1,1;-1,1
2023-05-03;;;;ISM Services PMI (Apr);14:00;High;51,9;51,8;51,2
2023-05-04;;;Apple (after-market);Imports (Mar);12:30;Medium;320,4;319,4;321,5
2023-05-05;;;;Non Farm Payrolls (Apr);12:30;High;253;180;165
2023-05-08;;;;Wholesale Inventories MoM (Mar);14:00;Medium;;0,1;
2023-05-09;;;;Fed Jefferson Speech;12:30;Medium;;;
2023-05-10;;;;Core Inflation Rate YoY (Apr);12:30;High;5,5;5,5;5,6
2023-05-11;;;;Producer Price Index MoM (Apr);12:30;High;0,2;0,3;-0,4
2023-05-12;;;;Michigan Consumer Sentiment (May);14:00;High;57,7;63;63,5
2023-05-15;;;;Fed Bostic Speech;12:45;Medium;;;
2023-05-16;;;;Retail Sales MoM (Apr);12:30;High;0,4;0,8;-0,7
2023-05-17;;;;MBA 30-Year Mortgage Rate (May/12);11:00;Medium;6,57;;6,48
2023-05-18;;;;Initial Jobless Claims (May/13);12:30;Medium;242;254;264
2023-05-19;;MENSUELLE;;Fed Chair Powell Speech;15:00;High;;;
2023-05-22;;;;Fed Bullard Speech;12:30;Medium;;;
2023-05-23;;;;Fed Logan Speech;13:00;Medium;;;
2023-05-24;;;;FOMC Minutes;18:00;High;;;
2023-05-25;;;;GDP Growth Rate QoQ (Q1);12:30;High;1,3;1,1;2,6
2023-05-26;;;;PCE Price Index YoY (Apr);12:30;High;4,4;4,1;4,2
2023-05-30;Post-Memorial Day (faible activité);;;CB Consumer Confidence (May);14:00;High;102,3;99;103,7
2023-05-31;Post-Memorial Day (faible activité);;;MBA Mortgage Applications (May/26);11:00;Medium;-3,7;;-4,6
2023-06-01;;;;ISM Manufacturing PMI (May);14:00;High;46,9;47;47,1
2023-06-02;;;;Non Farm Payrolls (May);12:30;High;339;190;294
2023-06-05;;;;ISM Services PMI (May);14:00;High;50,3;52,2;51,9
2023-06-06;;;;;;;;;
2023-06-07;;;;MBA Mortgage Applications (Jun/02);11:00;Medium;-1,4;;-3,7
2023-06-08;;;;Continuing Jobless Claims (May/27);12:30;Medium;1757;1800;1794
2023-06-09;;;;;;;;;
2023-06-12;;;;Monthly Budget Statement (May);18:00;Medium;-240;-236;176
2023-06-13;;;;Inflation Rate YoY (May);12:30;High;4;4,1;4,9
2023-06-14;;;;Producer Price Index MoM (May);12:30;High;-0,3;-0,1;0,2
2023-06-15;;;;Retail Sales MoM (May);12:30;High;0,3;-0,1;0,4
2023-06-16;;QUADRUPLE_WITCHING + MENSUELLE;;Michigan Consumer Sentiment (Jun);14:00;High;63,9;60;59,2
2023-06-19;;;;NAHB Housing Market Index (Jun);14:00;Medium;55;51;50
2023-06-20;;;;Building Permits (May);12:30;High;1,491;1,42;1,417
2023-06-21;;;;Fed Chair Powell Testimony;14:00;High;;;
2023-06-22;;;;Fed Chair Powell Testimony;14:00;High;;;
2023-06-23;;;;Fed Bullard Speech;09:15;Medium;;;
2023-06-26;;;;;;;;;
2023-06-27;;;;Durable Goods Orders MoM (May);12:30;High;1,7;-1;1,2
2023-06-28;;;;Fed Chair Powell Speech;13:30;High;;;
2023-06-29;;;;Fed Chair Powell Speech;06:30;High;;;
2023-06-30;;;;Core PCE Price Index YoY (May);12:30;High;4,6;4,7;4,7
2023-07-03;;;;ISM Manufacturing PMI (Jun);14:00;High;46;47;46,9
2023-07-05;;;;FOMC Minutes;18:00;High;;;
2023-07-06;;;;ISM Services PMI (Jun);14:00;High;53,9;51;50,3
2023-07-07;;;;Non Farm Payrolls (Jun);12:30;High;209;225;306
2023-07-10;;;;Fed Barr Speech;14:00;Medium;;;
2023-07-11;;;;Fed Bullard Speech;13:00;Medium;;;
2023-07-12;;;;Core Inflation Rate YoY (Jun);12:30;High;4,8;5;5,3
2023-07-13;;;;Producer Price Index MoM (Jun);12:30;High;0,1;0,2;-0,4
2023-07-14;;;;Michigan Consumer Sentiment (Jul);14:00;High;72,6;65,5;64,4
2023-07-17;Vacances d'été (faible activité);;;;;;;;
2023-07-18;Vacances d'été (faible activité);;;Retail Sales MoM (Jun);12:30;High;0,2;0,5;0,5
2023-07-19;Vacances d'été (faible activité);;;Building Permits (Jun);12:30;High;1,44;1,49;1,496
2023-07-20;Vacances d'été (faible activité);;;Philadelphia Fed Manufacturing Index (Jul);12:30;Medium;-13,5;-10;-13,7
2023-07-21;Vacances d'été (faible activité);MENSUELLE;;;;;;;
2023-07-24;Vacances d'été (faible activité);;;Chicago Fed National Activity Index (Jun);12:30;Medium;-0,32;0,03;-0,28
2023-07-25;Vacances d'été (faible activité);;Microsoft (after-market);CB Consumer Confidence (Jul);14:00;High;117;111,8;110,1
2023-07-26;Vacances d'été (faible activité);;;Fed Interest Rate Decision;18:00;High;5,5;5,5;5,25
2023-07-27;Vacances d'été (faible activité);;;Durable Goods Orders MoM (Jun);12:30;High;4,7;1;2
2023-07-28;Vacances d'été (faible activité);;;PCE Price Index YoY (Jun);12:30;High;3;3;3,8
2023-07-31;Vacances d'été (faible activité);;;;;;;;
2023-08-01;Vacances d'été (faible activité);;;ISM Manufacturing PMI (Jul);14:00;High;46,4;46,8;46
2023-08-02;Vacances d'été (faible activité);;;MBA 30-Year Mortgage Rate (Jul/28);11:00;Medium;6,93;;6,87
2023-08-03;Vacances d'été (faible activité);;Apple (after-market);ISM Services PMI (Jul);14:00;High;52,7;53;53,9
2023-08-04;Vacances d'été (faible activité);;;Non Farm Payrolls (Jul);12:30;High;187;200;185
2023-08-07;Vacances d'été (faible activité);;;Fed Bostic Speech;12:30;Medium;;;
2023-08-08;Vacances d'été (faible activité);;;Fed Harker Speech;12:15;Medium;;;
2023-08-09;Vacances d'été (faible activité);;;MBA Mortgage Applications (Aug/04);11:00;Medium;-3,1;;-3
2023-08-10;Vacances d'été (faible activité);;;Inflation Rate YoY (Jul);12:30;High;3,2;3,3;3
2023-08-11;Vacances d'été (faible activité);;;Producer Price Index MoM (Jul);12:30;High;0,3;0,2;0
2023-08-14;Vacances d'été (faible activité);;;;;;;;
2023-08-15;Vacances d'été (faible activité);;;Retail Sales MoM (Jul);12:30;High;0,7;0,4;0,3
2023-08-16;Vacances d'été (faible activité);;;FOMC Minutes;18:00;High;;;
2023-08-17;Vacances d'été (faible activité);;;Initial Jobless Claims (Aug/12);12:30;Medium;239;240;250
2023-08-18;Vacances d'été (faible activité);MENSUELLE;;;;;;;
2023-08-21;Vacances d'été (faible activité);;;;;;;;
2023-08-22;Vacances d'été (faible activité);;;Fed Barkin Speech;11:30;Medium;;;
2023-08-23;Vacances d'été (faible activité);;;MBA Mortgage Applications (Aug/18);11:00;Medium;-4,2;;-0,8
2023-08-24;Vacances d'été (faible activité);;;Jackson Hole Symposium;00:00;High;;;
2023-08-25;Vacances d'été (faible activité);;;Michigan Consumer Sentiment (Aug);14:00;High;69,5;71,2;71,6
2023-08-28;Vacances d'été (faible activité);;;;;;;;
2023-08-29;Vacances d'été (faible activité);;;CB Consumer Confidence (Aug);14:00;High;106,1;116;117
2023-08-30;Vacances d'été (faible activité);;;Goods Trade Balance (Jul);12:30;High;-91,18;-94;-88,83
2023-08-31;Vacances d'été (faible activité);;;PCE Price Index YoY (Jul);12:30;High;3,3;3,3;3
2023-09-01;Avant Labor Day (faible activité);;;Unemployment Rate (Aug);12:30;High;3,8;3,5;3,5
2023-09-05;;;;Factory Orders MoM (Jul);14:00;Medium;-2,1;-2,5;2,3
2023-09-06;;;;ISM Services PMI (Aug);14:00;High;54,5;52,5;52,7
2023-09-07;;;;Initial Jobless Claims (Sep/02);12:30;Medium;216;234;229
2023-09-08;;;;Fed Barr Speech;05:00;Medium;;;
2023-09-11;;;;;;;;;
2023-09-12;;;;;;;;;
2023-09-13;;;;Core Inflation Rate YoY (Aug);12:30;High;4,3;4,3;4,7
2023-09-14;;;;Retail Sales MoM (Aug);12:30;High;0,6;0,2;0,5
2023-09-15;;QUADRUPLE_WITCHING + MENSUELLE;;Michigan Consumer Sentiment (Sep);14:00;High;67,7;69,1;69,5
2023-09-18;;;;NAHB Housing Market Index (Sep);14:00;Medium;45;50;50
2023-09-19;;;;Building Permits (Aug);12:30;Medium;6,9;6,9;0,1
2023-09-20;;;;FOMC Economic Projections;18:00;High;;;
2023-09-21;;;;Continuing Jobless Claims (Sep/09);12:30;Medium;1662;1695;1683
2023-09-22;;;;Fed Cook Speech;12:50;Medium;;;
2023-09-25;;;;Chicago Fed National Activity Index (Aug);12:30;Medium;-0,16;0,15;0,07
2023-09-26;;;;CB Consumer Confidence (Sep);14:00;High;103;105,5;108,7
2023-09-27;;;;Durable Goods Orders MoM (Aug);12:30;High;0,2;-0,5;-5,6
2023-09-28;;;;GDP Growth Rate QoQ (Q2);12:30;High;2,1;2,1;2,2
2023-09-29;;;;PCE Price Index YoY (Aug);12:30;High;3,5;3,5;3,4
2023-10-02;;;;ISM Manufacturing PMI (Sep);14:00;High;49;47,8;47,6
2023-10-03;;;;Fed Bostic Speech;12:00;Medium;;;
2023-10-04;;;;ISM Services PMI (Sep);14:00;High;53,6;53,6;54,5
2023-10-05;;;;Exports (Aug);12:30;Medium;256;255,5;251,9
2023-10-06;;;;Unemployment Rate (Sep);12:30;High;3,8;3,7;3,8
2023-10-09;;;;Columbus Day;00:00;;;;
2023-10-10;;;;Fed Bostic Speech;13:30;Medium;;;
2023-10-11;;;;Producer Price Index MoM (Sep);12:30;High;0,5;0,3;0,7
2023-10-12;;;;Inflation Rate MoM (Sep);12:30;High;0,4;0,3;0,6
2023-10-13;;;;Michigan Consumer Sentiment (Oct);14:00;High;63;67,2;68,1
2023-10-16;;;;NY Empire State Manufacturing Index (Oct);12:30;High;-4,6;-7;1,9
2023-10-17;;;;Retail Sales YoY (Sep);12:30;High;3,8;1,5;2,9
2023-10-18;;;;Building Permits (Sep);12:30;High;1,473;1,45;1,541
2023-10-19;;;;Initial Jobless Claims (Oct/14);12:30;High;198;212;211
2023-10-20;;MENSUELLE;;Fed Harker Speech;13:00;Medium;;;
2023-10-23;;;;Chicago Fed National Activity Index (Sep);12:30;Medium;0,02;0,05;-0,22
2023-10-24;;;Microsoft (after-market);S&P Global Services PMI (Oct);13:45;High;50,9;49,8;50,1
2023-10-25;;;;New Home Sales (Sep);14:00;High;0,759;0,68;0,676
2023-10-26;;;;Goods Trade Balance (Sep);12:30;High;-85,78;-93;-84,64
2023-10-27;;;;Core PCE Price Index MoM (Sep);12:30;High;0,3;0,3;0,1
2023-10-30;;;;Dallas Fed Manufacturing Index (Oct);14:30;Medium;-19,2;-15;-18,1
2023-10-31;;;;Employment Cost Index QoQ (Q3);12:30;Medium;1,1;1;1
2023-11-01;;;;ADP Employment Change (Oct);12:15;High;113;150;89
2023-11-02;;;Apple (after-market);Initial Jobless Claims (Oct/28);12:30;High;217;210;212
2023-11-03;;;;Unemployment Rate (Oct);12:30;High;3,9;3,8;3,8
2023-11-06;;;;Fed Cook Speech;16:00;Medium;;;
2023-11-07;;;;Exports (Sep);13:30;Medium;261,1;261,2;255,4
2023-11-08;;;;Fed Chair Powell Speech;14:15;High;;;
2023-11-09;;;;Initial Jobless Claims (Nov/04);13:30;High;217;218;220
2023-11-10;;;;Michigan Consumer Sentiment (Nov);15:00;High;60,4;63,7;63,8
2023-11-13;;;;IBD/TIPP Economic Optimism (Nov);11:40;Medium;44,5;40,2;36,3
2023-11-14;;;;Core Inflation Rate MoM (Oct);13:30;High;0,2;0,3;0,3
2023-11-15;;;;Retail Sales Ex Gas/Autos MoM (Oct);13:30;High;0,1;0,3;0,8
2023-11-16;;;;Jobless Claims 4-Week Average (Nov/11);13:30;High;220,25;215;212,5
2023-11-17;;MENSUELLE;;Building Permits (Oct);13:30;High;1,487;1,45;1,471
2023-11-20;;;;;;;;;
2023-11-21;;;;Existing Home Sales (Oct);15:00;High;3,79;3,9;3,95
2023-11-22;;;;Continuing Jobless Claims (Nov/11);13:30;High;1840;1875;1862
2023-11-24;Black Friday (demi-journée);;;S&P Global Services PMI (Nov);14:45;High;50,8;50,4;50,6
2023-11-27;;;;New Home Sales (Oct);15:00;High;0,679;0,723;0,719
2023-11-28;;;;S&P/Case-Shiller Home Price YoY (Sep);14:00;Medium;3,9;4;2,1
2023-11-29;;;;GDP Growth Rate QoQ (Q3);13:30;High;5,2;5;2,1
2023-11-30;;;;Initial Jobless Claims (Nov/25);13:30;High;218;220;211
2023-12-01;;;;S&P Global Manufacturing PMI (Nov);14:45;High;49,4;49,4;50
2023-12-04;;;;Factory Orders MoM (Oct);15:00;Medium;-3,6;-2,8;2,3
2023-12-05;;;;S&P Global Services PMI (Nov);14:45;High;50,8;50,8;50,6
2023-12-06;;;;ADP Employment Change (Nov);13:15;High;103;130;106
2023-12-07;;;;Continuing Jobless Claims (Nov/25);13:30;High;1861;1910;1925
2023-12-08;;;;Non Farm Payrolls (Nov);13:30;High;199;180;150
2023-12-11;;;;;;;;;
2023-12-12;;;;Core Inflation Rate YoY (Nov);13:30;High;4;4;4
2023-12-13;;;;Producer Price Index MoM (Nov);13:30;High;0;0,1;-0,4
2023-12-14;;;;Continuing Jobless Claims (Dec/02);13:30;High;1876;1887;1856
2023-12-15;;QUADRUPLE_WITCHING + MENSUELLE;;NY Empire State Manufacturing Index (Dec);13:30;High;-14,5;2;9,1
2023-12-18;;;;NAHB Housing Market Index (Dec);15:00;Medium;37;36;34
2023-12-19;;;;Building Permits (Nov);13:30;Medium;-2,5;-1,2;1,8
2023-12-20;;;;Existing Home Sales (Nov);15:00;High;3,82;3,77;3,79
2023-12-21;;;;Initial Jobless Claims (Dec/16);13:30;High;205;215;203
2023-12-22;;;;Core PCE Price Index MoM (Nov);13:30;High;0,1;0,2;0,1
2023-12-26;Post-Noël (faible activité);;;Chicago Fed National Activity Index (Nov);13:30;Medium;0,03;-0,3;-0,66
2023-12-27;Post-Noël (faible activité);;;MBA Mortgage Applications (Dec/22);12:00;Medium;;;
2023-12-28;Post-Noël (faible activité);;;Goods Trade Balance (Nov);13:30;High;-90,27;-90;-89,56
2023-12-29;Post-Noël (faible activité);;;;;;;;
2024-01-02;Début année (faible activité);;;S&P Global Manufacturing PMI (Dec);14:45;Medium;47,9;48,2;49,4
2024-01-03;Début année (faible activité);;;ISM Manufacturing PMI (Dec);15:00;High;47,4;47,1;46,7
2024-01-04;Début année (faible activité);;;ADP Employment Change (Dec);13:15;High;164;115;101
2024-01-05;;;;Non Farm Payrolls (Dec);13:30;High;216;170;173
2024-01-08;;;;Fed Bostic Speech;17:30;Medium;;;
2024-01-09;;;;Balance of Trade (Nov);13:30;High;-63,2;-65;-64,5
2024-01-10;;;;Wholesale Inventories MoM (Nov);15:00;Medium;-0,2;-0,2;-0,3
2024-01-11;;;;Core Inflation Rate YoY (Dec);13:30;High;3,9;3,8;4
2024-01-12;;;;Producer Price Index MoM (Dec);13:30;High;-0,1;0,1;-0,1
2024-01-16;;;;NY Empire State Manufacturing Index (Jan);13:30;High;-43,7;-5;-14,5
2024-01-17;;;;Retail Sales Ex Autos MoM (Dec);13:30;High;0,4;0,2;0,2
2024-01-18;;;;Initial Jobless Claims (Jan/13);13:30;High;187;207;203
2024-01-19;;MENSUELLE;;Existing Home Sales (Dec);15:00;High;3,78;3,82;3,82
2024-01-22;;;;;;;;;
2024-01-23;;;;API Crude Oil Stock Change (Jan/19);21:30;Medium;-6,674;-3;0,483
2024-01-24;;;;S&P Global Manufacturing PMI (Jan);14:45;High;50,3;47,9;47,9
2024-01-25;;;;GDP Growth Rate QoQ (Q4);13:30;High;3,3;2;4,9
2024-01-26;;;;Personal Income MoM (Dec);13:30;High;0,3;0,3;0,4
2024-01-29;;;;Dallas Fed Manufacturing Index (Jan);15:30;Medium;-27,4;-23;-10,4
2024-01-30;;;Microsoft (after-market);JOLTs Job Openings (Dec);15:00;High;9,026;8,75;8,925
2024-01-31;;;;ADP Employment Change (Jan);13:15;High;107;145;158
2024-02-01;;;Apple (after-market);Jobless Claims 4-Week Average (Jan/27);13:30;High;207,75;205;202,5
2024-02-02;;;;Nonfarm Payrolls Private (Jan);13:30;High;317;155;278
2024-02-05;;;;S&P Global Services PMI (Jan);14:45;High;52,5;52,9;51,4
2024-02-06;;;;Fed Harker Speech;00:00;Medium;;;
2024-02-07;;;;Exports (Dec);13:30;Medium;258,2;255;254,3
2024-02-08;;;;Initial Jobless Claims (Feb/03);13:30;High;218;220;227
2024-02-09;;;;CPI s,a (Dec);13:30;High;308,742;;308,024
2024-02-12;;;;Fed Bowman Speech;14:20;Medium;;;
2024-02-13;;;;CPI (Jan);13:30;High;308,417;307,986;306,746
2024-02-14;;;;Producer Price Index MoM (Dec);13:30;Medium;-0,2;-0,1;-0,1
2024-02-15;;;;Continuing Jobless Claims (Feb/03);13:30;High;1895;1880;1865
2024-02-16;;MENSUELLE;;Producer Price Index MoM (Jan);13:30;High;0,3;0,1;-0,1
2024-02-20;;;;;;;;;
2024-02-21;;;Nvidia (after-market);FOMC Minutes;19:00;High;;;
2024-02-22;;;;Initial Jobless Claims (Feb/17);13:30;High;201;218;213
2024-02-23;;;;Fed Waller Speech;00:35;Medium;;;
2024-02-26;;;;New Home Sales (Jan);15:00;High;1,5;0,9;7,2
2024-02-27;;;;Durable Goods Orders Ex Transp MoM (Jan);13:30;High;-0,3;0,2;-0,1
2024-02-28;;;;GDP Growth Rate QoQ (Q4);13:30;High;3,2;3,3;4,9
2024-02-29;;;;Personal Income MoM (Jan);13:30;High;1;0,4;0,3
2024-03-01;;;;S&P Global Manufacturing PMI (Feb);14:45;High;52,2;51,5;50,7
2024-03-04;;;;Fed Harker Speech;16:00;Medium;;;
2024-03-05;;;;S&P Global Services PMI (Feb);14:45;High;52,3;51,3;52,5
2024-03-06;;;;ADP Employment Change (Feb);13:15;High;140;150;111
2024-03-07;;;;Initial Jobless Claims (Mar/02);13:30;High;217;215;217
2024-03-08;;;;Unemployment Rate (Feb);13:30;High;3,9;3,7;3,7
2024-03-11;;;;;;;;;
2024-03-12;;;;CPI s,a (Feb);12:30;High;311,054;310,6;309,685
2024-03-13;;;;EIA Gasoline Stocks Change (Mar/08);14:30;Medium;-5,662;-1,9;-4,46
2024-03-14;;;;Retail Sales MoM (Feb);12:30;High;0,6;0,8;-1,1
2024-03-15;;QUADRUPLE_WITCHING + MENSUELLE;;NY Empire State Manufacturing Index (Mar);12:30;High;-20,9;-7;-2,4
2024-03-18;;;;NAHB Housing Market Index (Mar);14:00;Medium;51;48;48
2024-03-19;;;;Housing Starts (Feb);12:30;Medium;1,521;1,425;1,374
2024-03-20;;;;Press Conference;17:30;High;;;
2024-03-21;;;;Initial Jobless Claims (Mar/16);12:30;High;210;215;212
2024-03-22;;;;Fed Chair Powell Speech;14:00;Medium;;;
2024-03-25;;;;New Home Sales (Feb);14:00;High;0,662;0,675;0,664
2024-03-26;;;;Durable Goods Orders ex Defense MoM (Feb);12:30;High;2,2;2,4;-7,9
2024-03-27;;;;EIA Crude Oil Stocks Change (Mar/22);14:30;Medium;3,165;-1,275;-1,952
2024-03-28;;;;Initial Jobless Claims (Mar/23);12:30;High;210;215;212
2024-03-29;;;;Goods Trade Balance (Feb);12:30;High;-91,84;-88;-90,51
2024-04-01;;;;S&P Global Manufacturing PMI (Mar);13:45;High;51,9;52,5;52,2
2024-04-02;;;;JOLTs Job Openings (Feb);14:00;High;8,756;8,75;8,748
2024-04-03;;;;ADP Employment Change (Mar);12:15;High;184;148;155
2024-04-04;;;;Initial Jobless Claims (Mar/30);12:30;High;221;214;212
2024-04-05;;;;Unemployment Rate (Mar);12:30;High;3,8;3,9;3,9
2024-04-08;;;;Fed Kashkari Speech;23:00;Medium;;;
2024-04-09;;;;RCM/TIPP Economic Optimism Index (Apr);14:10;Medium;43,2;44,2;43,5
2024-04-10;;;;Inflation Rate YoY (Mar);12:30;High;3,5;3,4;3,2
2024-04-11;;;;Initial Jobless Claims (Apr/06);12:30;High;211;215;222
2024-04-12;;;;Michigan Consumer Sentiment (Apr);14:00;High;77,9;79;79,4
2024-04-15;;;;NY Empire State Manufacturing Index (Apr);12:30;High;-14,3;-9;-20,9
2024-04-16;;;;Fed Chair Powell Speech;17:15;High;;;
2024-04-17;;;;EIA Crude Oil Stocks Change (Apr/12);14:30;Medium;2,735;1,6;5,841
2024-04-18;;;;Initial Jobless Claims (Apr/13);12:30;High;212;215;212
2024-04-19;;MENSUELLE;;Fed Goolsbee Speech;14:30;Medium;;;
2024-04-22;;;;Chicago Fed National Activity Index (Mar);12:30;Medium;0,15;0,09;0,09
2024-04-23;;;;S&P Global Manufacturing PMI (Apr);13:45;High;49,9;52;51,9
2024-04-24;;;;Durable Goods Orders MoM (Mar);12:30;High;2,6;2,5;0,7
2024-04-25;;;Microsoft (after-market);Gross Domestic Product QoQ (Q1);11:30;High;1,6;2,5;3,4
2024-04-26;;;;Core PCE Price Index MoM (Mar);12:30;High;0,3;0,3;0,3
2024-04-29;;;;Dallas Fed Manufacturing Index (Apr);14:30;Medium;-14,5;-11;-14,4
2024-04-30;;;;Employment Cost - Benefits QoQ (Q1);12:30;Medium;1,1;0,7;0,7
2024-05-01;;;;ISM Manufacturing PMI (Apr);14:00;High;49,2;50;50,3
2024-05-02;;;Apple (after-market);Imports;11:30;Medium;327;;331,9
2024-05-03;;;;Nonfarm Payrolls Private (Apr);12:30;High;167;190;243
2024-05-06;;;;Fed Barkin Speech;16:50;Medium;;;
2024-05-07;;;;RCM/TIPP Economic Optimism Index (May);14:10;Medium;41,8;44,1;43,2
2024-05-08;;;;EIA Gasoline Stocks Change (May/03);14:30;Medium;0,915;-1,18;0,344
2024-05-09;;;;Continuing Jobless Claims (Apr/27);12:30;High;1785;1790;1768
2024-05-10;;;;Michigan Consumer Sentiment (May);14:00;High;67,4;76;77,2
2024-05-13;;;;Fed Jefferson Speech;13:00;Medium;;;
2024-05-14;;;;Producer Price Index MoM (Apr);12:30;High;0,5;0,3;-0,1
2024-05-15;;;;Retail Sales YoY (Apr);12:30;High;3;3,8;3,8
2024-05-16;;;;Jobless Claims 4-Week Average (May/11);12:30;High;217,75;214;215,25
2024-05-17;;MENSUELLE;;Fed Waller Speech;14:15;Medium;;;
2024-05-20;;;;Fed Barr Speech;13:00;Medium;;;
2024-05-21;;;;Fed Chair Yellen Speaks;08:00;High;;;
2024-05-22;;;Nvidia (after-market);Existing Home Sales (Apr);14:00;High;4,14;4,21;4,22
2024-05-23;;;;Continuing Jobless Claims (May/11);12:30;High;1794;1799;1786
2024-05-24;;;;Durable Goods Orders MoM (Apr);12:30;High;0,7;-0,8;0,8
2024-05-28;Post-Memorial Day (faible activité);;;Fed Mester Speech;04:55;Medium;;;
2024-05-29;Post-Memorial Day (faible activité);;;Beige Book;17:00;Medium;;;
2024-05-30;Post-Memorial Day (faible activité);;;GDP Growth Rate QoQ (Q1);12:30;High;1,3;1,3;3,4
2024-05-31;Post-Memorial Day (faible activité);;;Personal Spending MoM (Apr);12:30;High;0,2;0,3;0,7
2024-06-03;;;;S&P Global Manufacturing PMI (May);13:45;High;51,3;50,9;50
2024-06-04;;;;JOLTs Job Openings (Apr);14:00;High;8,059;8,34;8,355
2024-06-05;;;;ADP Employment Change (May);12:15;High;152;175;188
2024-06-06;;;;Continuing Jobless Claims (May/25);12:30;High;1792;1790;1790
2024-06-07;;;;Nonfarm Payrolls Private (May);12:30;High;229;170;158
2024-06-10;;;;;;;;;
2024-06-11;;;;10-Year Note Auction;17:00;Medium;4,438;;4,483
2024-06-12;;;;Inflation Rate MoM (May);12:30;High;0;0,1;0,3
2024-06-13;;;;Jobless Claims 4-Week Average (Jun/08);12:30;High;227;224;222,25
2024-06-14;;;;Michigan Consumer Sentiment (Jun);14:00;High;65,6;72;69,1
2024-06-17;;;;NY Empire State Manufacturing Index (Jun);12:30;High;-6;-9;-15,6
2024-06-18;;;;Retail Sales MoM (May);12:30;High;0,1;0,2;-0,2
2024-06-19;;;;MBA Mortgage Applications (Jun/14);11:00;Medium;0,9;;15,6
2024-06-20;;;;Building Permits (May);12:30;High;1,386;1,45;1,44
2024-06-21;;QUADRUPLE_WITCHING + MENSUELLE;;S&P Global Services PMI (Jun);13:45;High;55,1;53,7;54,8
2024-06-24;;;;Fed Waller Speech;07:00;Medium;;;
2024-06-25;;;;Chicago Fed National Activity Index (May);12:30;Medium;0,18;-0,4;-0,26
2024-06-26;;;;New Home Sales (May);14:00;High;-11,3;2,9;2
2024-06-27;;;;Gross Domestic Product QoQ (Q1);11:30;High;1,4;1,3;3,4
2024-06-28;;;;Personal Income MoM (May);12:30;High;0,5;0,4;0,3
2024-07-01;;;;S&P Global Manufacturing PMI (Jun);13:45;High;51,6;51,7;51,3
2024-07-02;;;;Fed Chair Powell Speech;13:30;High;;;
2024-07-03;;;;ADP Employment Change (Jun);12:15;High;150;160;157
2024-07-05;;;;Non Farm Payrolls (Jun);12:30;High;206;190;218
2024-07-08;;;;;;;;;
2024-07-09;;;;Fed Chair Powell Testimony;14:00;High;;;
2024-07-10;;;;Fed Chair Powell Testimony;14:00;High;;;
2024-07-11;;;;Inflation Rate YoY (Jun);12:30;High;3;3,1;3,3
2024-07-12;;;;Producer Price Index MoM (Jun);12:30;High;0,2;0,1;0
2024-07-15;Vacances d'été (faible activité);;;NY Empire State Manufacturing Index (Jul);12:30;High;-6,6;-6;-6
2024-07-16;Vacances d'été (faible activité);;;Retail Sales MoM (Jun);12:30;High;0,4;0,1;0,3
2024-07-17;Vacances d'été (faible activité);;;Housing Starts MoM (Jun);12:30;Medium;3;3,1;-4,6
2024-07-18;Vacances d'été (faible activité);;;Jobless Claims 4-Week Average (Jul/13);12:30;High;234,75;234;233,75
2024-07-19;Vacances d'été (faible activité);MENSUELLE;;Fed Williams Speech;14:40;Medium;;;
2024-07-22;Vacances d'été (faible activité);;;Chicago Fed National Activity Index (Jun);12:30;Medium;0,05;-0,09;0,23
2024-07-23;Vacances d'été (faible activité);;;Existing Home Sales MoM;14:00;High;-5,4;3;-0,7
2024-07-24;Vacances d'été (faible activité);;;Goods Trade Balance (Jun);12:30;High;-96,8;-98;-99,4
2024-07-25;Vacances d'été (faible activité);;;Gross Domestic Product QoQ (Q2);11:30;High;2,8;2;1,4
2024-07-26;Vacances d'été (faible activité);;;Core PCE Price Index YoY (Jun);12:30;High;2,6;2,5;2,6
2024-07-29;Vacances d'été (faible activité);;;Dallas Fed Manufacturing Index (Jul);14:30;Medium;-17,5;-12;-15,1
2024-07-30;Vacances d'été (faible activité);;Microsoft (after-market);JOLTs Job Openings (Jun);14:00;High;8,184;8;8,23
2024-07-31;Vacances d'été (faible activité);;;ADP Employment Change (Jul);12:15;High;122;150;155
2024-08-01;Vacances d'été (faible activité);;Apple (after-market);Continuing Jobless Claims (Jul/20);12:30;High;1877;1860;1844
2024-08-02;Vacances d'été (faible activité);;;Unemployment Rate (Jul);12:30;High;4,3;4,1;4,1
2024-08-05;Vacances d'été (faible activité);;;ISM Non-Manufacturing PMI (Jul);13:00;High;51,4;51,4;48,8
2024-08-06;Vacances d'été (faible activité);;;Imports (Jun);12:30;Medium;339;340;337
2024-08-07;Vacances d'été (faible activité);;;EIA Crude Oil Stocks Change (Aug/02);14:30;Medium;-3,728;-0,4;-3,436
2024-08-08;Vacances d'été (faible activité);;;Jobless Claims 4-Week Average (Aug/03);12:30;High;240,75;237;238,25
2024-08-09;Vacances d'été (faible activité);;;CFTC Nasdaq 100 speculative net positions;18:30;Medium;12,6;;2,4
2024-08-12;Vacances d'été (faible activité);;;OPEC Monthly Report;10:00;Medium;;;
2024-08-13;Vacances d'été (faible activité);;;Producer Price Index MoM (Jul);12:30;High;0,1;0,2;0,2
2024-08-14;Vacances d'été (faible activité);;;Core Inflation Rate YoY (Jul);12:30;High;3,2;3,2;3,3
2024-08-15;Vacances d'été (faible activité);;;Initial Jobless Claims (Aug/10);12:30;High;227;235;234
2024-08-16;Vacances d'été (faible activité);MENSUELLE;;Building Permits (Jul);12:30;High;1,396;1,43;1,454
2024-08-19;Vacances d'été (faible activité);;;Fed Waller Speech;13:15;Medium;;;
2024-08-20;Vacances d'été (faible activité);;;Fed Bostic Speech;17:35;Medium;;;
2024-08-21;Vacances d'été (faible activité);;;Non Farm Payrolls (Mar);14:00;High;-818;;-187
2024-08-22;Vacances d'été (faible activité);;;Jackson Hole Symposium;00:00;High;;;
2024-08-23;Vacances d'été (faible activité);;;Fed Chair Powell Speech;14:00;High;;;
2024-08-26;Vacances d'été (faible activité);;;Durable Goods Orders ex Defense MoM (Jul);12:30;High;10,4;2,2;-7,5
2024-08-27;Vacances d'été (faible activité);;;S&P/Case-Shiller Home Price YoY (Jun);13:00;Medium;6,5;6;6,9
2024-08-28;Vacances d'été (faible activité);;Nvidia (after-market);Fed Waller Speech;05:15;Medium;;;
2024-08-29;Vacances d'été (faible activité);;;Gross Domestic Product QoQ (Q2);11:30;High;3;2,8;1,4
2024-08-30;Vacances d'été (faible activité);;;Personal Spending MoM (Jul);12:30;High;0,5;0,5;0,3
2024-09-03;;;;S&P Global Manufacturing PMI (Aug);13:45;High;47,9;48;49,6
2024-09-04;;;;JOLTs Job Openings (Jul);14:00;High;7,673;8,1;7,91
2024-09-05;;;;ADP Employment Change (Aug);12:15;High;99;145;111
2024-09-06;;;;Nonfarm Payrolls Private (Aug);12:30;High;118;139;74
2024-09-09;;;;;;;;;
2024-09-10;;;;OPEC Monthly Report;10:00;Medium;;;
2024-09-11;;;;Core Inflation Rate MoM (Aug);12:30;High;0,3;0,2;0,2
2024-09-12;;;;Continuing Jobless Claims (Aug/31);12:30;High;1850;1850;1845
2024-09-13;;;;Michigan Consumer Sentiment (Sep);14:00;High;69;68;67,9
2024-09-16;;;;NY Empire State Manufacturing Index (Sep);12:30;High;11,5;-3,9;-4,7
2024-09-17;;;;Retail Sales MoM (Aug);12:30;High;0,1;-0,2;1,1
2024-09-18;;;;FOMC Economic Projections;18:00;High;;;
2024-09-19;;;;Continuing Jobless Claims (Sep/07);12:30;High;1829;1850;1843
2024-09-20;;QUADRUPLE_WITCHING + MENSUELLE;;Fed Harker Speech;18:00;Medium;;;
2024-09-23;;;;S&P Global Manufacturing PMI (Sep);13:45;High;47;48,5;47,9
2024-09-24;;;;S&P/Case-Shiller Home Price MoM (Jul);13:00;Medium;0;0,4;0,6
2024-09-25;;;;New Home Sales (Aug);14:00;High;-4,7;-5,1;10,3
2024-09-26;;;;Gross Domestic Product QoQ (Q2);11:30;High;3;3;1,6
2024-09-27;;;;Core PCE Price Index MoM (Aug);12:30;High;0,1;0,2;0,2
2024-09-30;;;;Fed Chair Powell Speech;17:55;High;;;
2024-10-01;;;;S&P Global Manufacturing PMI (Sep);13:45;High;47,3;47;47,9
2024-10-02;;;;ADP Employment Change (Sep);12:15;High;143;120;103
2024-10-03;;;;Jobless Claims 4-Week Average (Sep/28);12:30;High;224,25;225;225
2024-10-04;;;;Nonfarm Payrolls Private (Sep);12:30;High;223;125;114
2024-10-07;;;;Fed Bowman Speech;17:00;Medium;;;
2024-10-08;;;;Fed Kugler Speech;07:00;Medium;;;
2024-10-09;;;;FOMC Minutes;18:00;High;;;
2024-10-10;;;;Inflation Rate YoY (Sep);12:30;High;2,4;2,3;2,5
2024-10-11;;;;Producer Price Index MoM (Sep);12:30;High;0;0,1;0,2
2024-10-14;;;;Columbus Day;00:00;;;;
2024-10-15;;;;NY Empire State Manufacturing Index (Oct);12:30;High;-11,9;3,8;11,5
2024-10-16;;;;Import Prices MoM (Sep);12:30;Medium;-0,4;-0,4;-0,2
2024-10-17;;;;Jobless Claims 4-Week Average (Oct/12);12:30;High;236,25;232;231,5
2024-10-18;;MENSUELLE;;Building Permits (Sep);12:30;High;1,428;1,46;1,47
2024-10-21;;;;Fed Logan Speech;12:55;Medium;;;
2024-10-22;;;;Fed Harker Speech;14:00;Medium;;;
2024-10-23;;;;Existing Home Sales MoM;14:00;High;-1;-1,6;-2
2024-10-24;;;;Jobless Claims 4-Week Average (Oct/19);12:30;High;238,5;238;236,5
2024-10-25;;;;Durable Goods Orders Ex Transp MoM (Sep);12:30;High;0,4;-0,1;0,6
2024-10-28;;;;Dallas Fed Manufacturing Index (Oct);14:30;Medium;-3;-1;-9
2024-10-29;;;;Goods Trade Balance (Sep);12:30;High;-108,23;-96,1;-94,22
2024-10-30;;;Microsoft (after-market);ADP Employment Change (Oct);12:15;High;233;115;159
2024-10-31;;;Apple (after-market);Continuing Jobless Claims (Oct/19);12:30;High;1862;1890;1888
2024-11-01;;;;Nonfarm Payrolls Private (Oct);12:30;High;-28;90;192
2024-11-04;;;;Factory Orders MoM (Sep);15:00;Medium;-0,5;-0,4;-0,8
2024-11-05;;;;Presidential Elections;12:00;High;;;
2024-11-06;;;;EIA Crude Oil Stocks Change (Nov/01);15:30;Medium;2,149;1,8;-0,515
2024-11-07;;;;Continuing Jobless Claims (Oct/26);13:30;High;1892;1880;1853
2024-11-08;;;;Michigan Consumer Sentiment (Nov);15:00;High;73;71;70,5
2024-11-11;;;;Veterans Day;00:00;;;;
2024-11-12;;;;OPEC Monthly Report;12:00;Medium;;;
2024-11-13;;;;Core Inflation Rate MoM (Oct);13:30;High;0,3;0,3;0,3
2024-11-14;;;;Initial Jobless Claims (Nov/09);13:30;High;217;223;221
2024-11-15;;MENSUELLE;;NY Empire State Manufacturing Index (Nov);13:30;High;31,2;-0,7;-11,9
2024-11-18;;;;Fed Goolsbee Speech;15:00;Medium;;;
2024-11-19;;;;Housing Starts (Oct);13:30;Medium;1,311;1,33;1,353
2024-11-20;;;Nvidia (after-market);EIA Gasoline Stocks Change (Nov/15);15:30;Medium;2,054;1,62;-4,407
2024-11-21;;;;Initial Jobless Claims (Nov/16);13:30;High;213;220;219
2024-11-22;;;;S&P Global Services PMI (Nov);14:45;High;57;55,2;55
2024-11-25;;;;Chicago Fed National Activity Index (Oct);13:30;Medium;-0,4;-0,2;-0,27
2024-11-26;;;;New Home Sales (Oct);15:00;High;0,61;0,73;0,738
2024-11-27;;;;Jobless Claims 4-Week Average (Nov/23);13:30;High;217;218;218,25
2024-11-29;Black Friday (demi-journée);;;Thanksgiving Day;00:00;;;;
2024-12-02;;;;S&P Global Manufacturing PMI (Nov);14:45;High;49,7;48,8;48,5
2024-12-03;;;;JOLTs Job Openings (Oct);15:00;High;7,744;7,48;7,372
2024-12-04;;;;ADP Employment Change (Nov);13:15;High;146;150;184
2024-12-05;;;;Initial Jobless Claims (Nov/30);13:30;High;224;215;213
2024-12-06;;;;Nonfarm Payrolls Private (Nov);13:30;High;194;200;-2
2024-12-09;;;;Atlanta Fed GDPNow (Q4);18:00;Medium;3,3;3,3;3,3
2024-12-10;;;;OPEC Meeting;10:00;Medium;;;
2024-12-11;;;;CPI (Nov);13:30;High;315,49;315,34;315,66
2024-12-12;;;;Jobless Claims 4-Week Average (Dec/07);13:30;High;224,25;219;218,5
2024-12-13;;;;Export Prices MoM (Nov);13:30;Medium;0;-0,2;1
2024-12-16;;;;NY Empire State Manufacturing Index (Dec);13:30;High;0,2;12;31,2
2024-12-17;;;;Retail Sales YoY (Nov);13:30;High;3,8;3,8;2,9
2024-12-18;;;;Fed Interest Rate Decision;19:00;High;4,5;4,5;4,75
2024-12-19;;;;Gross Domestic Product QoQ (Q3);13:30;High;3,1;2,8;3
2024-12-20;;QUADRUPLE_WITCHING + MENSUELLE;;Core PCE Price Index MoM (Nov);13:30;High;0,1;0,2;0,3
2024-12-23;;;;Durable Goods Orders MoM (Nov);14:30;High;-1,1;-0,4;0,8
2024-12-24;Noël (demi-journée);;;Christmas Day;00:00;;;;
2024-12-26;Post-Noël (faible activité);;;Initial Jobless Claims (Dec/21);13:30;High;219;223;220
2024-12-27;Post-Noël (faible activité);;;Goods Trade Balance (Nov);13:30;High;-102,86;-100,7;-98,26
2024-12-30;Post-Noël (faible activité);;;Chicago PMI (Dec);14:45;Medium;36,9;42,5;40,2
2024-12-31;Post-Noël (faible activité);;;S&P/Case-Shiller Home Price YoY (Oct);14:00;Medium;4,2;4,1;4,6
2025-01-02;Début année (faible activité);;;Continuing Jobless Claims (Dec/21);13:30;High;1844;1890;1910
2025-01-03;Début année (faible activité);;;ISM Manufacturing PMI (Dec);15:00;High;49,3;48,4;48,4
2025-01-06;;;;S&P Global Services PMI (Dec);14:45;High;56,8;58,5;56,1
2025-01-07;;;;Balance of Trade (Nov);13:30;High;-78,2;-78;-73,6
2025-01-08;;;;ADP Employment Change (Dec);13:15;High;122;140;146
2025-01-09;;;;Fed Harker Speech;14:00;Medium;;;
2025-01-10;;;;Non Farm Payrolls (Dec);13:30;High;256;160;212
2025-01-13;;;;CFTC S&P 500 speculative net positions;20:30;Medium;-62,2;;-56,8
2025-01-14;;;;Producer Price Index MoM (Dec);13:30;High;0,2;0,3;0,4
2025-01-15;;;;Inflation Rate YoY (Dec);13:30;High;2,9;2,9;2,7
2025-01-16;;;;Retail Sales YoY (Dec);13:30;High;3,9;4;4,1
2025-01-17;;MENSUELLE;;Housing Starts (Dec);13:30;High;1,499;1,32;1,294
2025-01-21;;;;;;;;;
2025-01-22;;;;MBA 30-Year Mortgage Rate (Jan/17);12:00;Medium;7,02;;7,09
2025-01-23;;;;Continuing Jobless Claims (Jan/11);13:30;High;1899;1860;1853
2025-01-24;;;;S&P Global Services PMI (Jan);14:45;High;;56,5;56,8
2025-01-27;;;;New Home Sales (Dec);15:00;High;0,698;0,67;0,674
2025-01-28;;;;Durable Goods Orders Ex Transp MoM (Dec);13:30;High;0,3;0,4;-0,2
2025-01-29;;;Microsoft (after-market);Goods Trade Balance (Dec);13:30;High;-122,11;-105,4;-103,5
2025-01-30;;;Apple (after-market);Continuing Jobless Claims (Jan/18);13:30;High;1858;1890;1900
2025-01-31;;;;Core PCE Price Index MoM (Dec);13:30;High;0,2;0,2;0,1
2025-02-03;;;;S&P Global Manufacturing PMI (Jan);14:45;High;51,2;50,1;49,4
2025-02-04;;;Alphabet (after-market);JOLTs Job Openings (Dec);15:00;High;7,6;8;8,156
2025-02-05;;;;ADP Employment Change (Jan);13:15;High;183;150;176
2025-02-06;;;;Initial Jobless Claims (Feb/01);13:30;High;219;213;208
2025-02-07;;;;Non Farm Payrolls (Jan);13:30;High;143;170;307
2025-02-10;;;;;;;;;
2025-02-11;;;;Fed Chair Powell Testimony;15:00;High;;;
2025-02-12;;;;Inflation Rate YoY (Jan);13:30;High;3;2,9;2,9
2025-02-13;;;;Initial Jobless Claims (Feb/08);13:30;High;213;215;220
2025-02-14;;;;Retail Sales YoY (Jan);13:30;High;4,2;3,7;4,4
2025-02-18;;;;NY Empire State Manufacturing Index (Feb);13:30;High;5,7;-1;-12,6
2025-02-19;;;;Housing Starts (Jan);13:30;High;1,366;1,4;1,515
2025-02-20;;;;Initial Jobless Claims (Feb/15);13:30;High;219;215;214
2025-02-21;;MENSUELLE;;S&P Global Manufacturing PMI (Feb);14:45;High;51,6;51,5;51,2
2025-02-24;;;;Chicago Fed National Activity Index (Jan);13:30;Medium;-0,03;0,21;0,18
2025-02-25;;;;Fed Logan Speech;09:20;Medium;;;
2025-02-26;;;Nvidia (after-market);New Home Sales (Jan);15:00;High;-10,5;-2,6;8,1
2025-02-27;;;;GDP Growth Rate QoQ (Q4);13:30;High;2,3;2,3;3,1
2025-02-28;;;;Core PCE Price Index YoY (Jan);13:30;High;2,6;2,6;2,9
2025-03-03;;;;S&P Global Manufacturing PMI (Feb);14:45;High;52,7;51,6;51,2
2025-03-04;;;;Fed Barkin Speech;19:20;Medium;;;
2025-03-05;;;;ADP Employment Change (Feb);13:15;High;77;140;186
2025-03-06;;;;Initial Jobless Claims (Mar/01);13:30;High;221;235;242
2025-03-07;;;;Unemployment Rate (Feb);13:30;High;4,1;4;4
2025-03-10;;;;;;;;;
2025-03-11;;;;JOLTs Job Openings (Jan);14:00;High;7,74;7,63;7,508
2025-03-12;;;;Core Inflation Rate MoM (Feb);12:30;High;0,2;0,3;0,4
2025-03-13;;;;Jobless Claims 4-Week Average (Mar/08);12:30;High;226;228;224,5
2025-03-14;;;;Michigan Consumer Sentiment (Mar);14:00;High;57,9;63,1;64,7
2025-03-17;;;;Retail Sales MoM (Feb);12:30;High;1;0,2;-1
2025-03-18;;;;Housing Starts (Feb);12:30;High;1,501;1,38;1,35
2025-03-19;;;;Fed Interest Rate Decision;18:00;High;4,5;4,5;4,5
2025-03-20;;;;Continuing Jobless Claims (Mar/08);12:30;High;1892;1890;1859
2025-03-21;;QUADRUPLE_WITCHING + MENSUELLE;;Fed Goolsbee Speech;12:30;Medium;;;
2025-03-24;;;;S&P Global Services PMI (Mar);13:45;High;54,3;50,8;51
2025-03-25;;;;New Home Sales (Feb);14:00;High;1,8;0,5;-6,9
2025-03-26;;;;Durable Goods Orders MoM (Feb);12:30;High;0,9;-1;3,3
2025-03-27;;;;Gross Domestic Product QoQ (Q4);12:30;High;2,4;2,3;3,1
2025-03-28;;;;Personal Spending MoM (Feb);12:30;High;0,4;0,5;-0,3
2025-03-31;;;;Chicago PMI (Mar);13:45;Medium;47,6;45,2;45,5
2025-04-01;;;;S&P Global Manufacturing PMI (Mar);13:45;High;50,2;49,8;52,7
2025-04-02;;;;ADP Employment Change (Mar);12:15;High;155;105;84
2025-04-03;;;;Initial Jobless Claims (Mar/29);12:30;High;219;225;225
2025-04-04;;;;U-6 Unemployment Rate (Mar);12:30;High;7,9;8,1;8
2025-04-07;;;;Fed Kugler Speech;14:30;Medium;;;
2025-04-08;;;;Fed Daly Speech;18:00;Medium;;;
2025-04-09;;;;FOMC Minutes;18:00;High;;;
2025-04-10;;;;CPI s,a (Mar);12:30;High;319,615;320,1;319,775
2025-04-11;;;;Producer Price Index MoM (Mar);12:30;High;-0,4;0,2;0,1
2025-04-14;;;;OPEC Monthly Report;11:00;Medium;;;
2025-04-15;;;;NY Empire State Manufacturing Index (Apr);12:30;High;-8,1;-14,5;-20
2025-04-16;;;;Retail Sales Ex Autos MoM (Mar);12:30;High;0,5;0,3;0,7
2025-04-17;;;;Continuing Jobless Claims (Apr/05);12:30;High;1885;1870;1844
2025-04-18;;MENSUELLE;;Fed Daly Speech;15:00;Medium;;;
2025-04-21;;;;;;;;;
2025-04-22;;;;Fed Jefferson Speech;13:00;Medium;;;
2025-04-23;;;;S&P Global Services PMI (Apr);13:45;High;51,4;52,5;54,4
2025-04-24;;;Alphabet (after-market);Continuing Jobless Claims (Apr/12);12:30;High;1841;1880;1878
2025-04-25;;;;Michigan Consumer Sentiment (Apr);14:00;High;52,2;50,8;57
2025-04-28;;;;Dallas Fed Manufacturing Index (Apr);14:30;Medium;-35,8;-15;-16,3
2025-04-29;;;;Goods Trade Balance (Mar);12:30;High;-161,99;-146;-147,85
2025-04-30;;;Microsoft (after-market);ADP Employment Change (Apr);12:15;High;62;115;147
2025-05-01;;;Apple (after-market);Jobless Claims 4-Week Average (Apr/26);12:30;High;226;222;
2025-05-02;;;;U-6 Unemployment Rate (Apr);12:30;High;7,8;8;7,9
2025-05-05;;;;S&P Global Services PMI (Apr);13:45;High;50,8;51,4;54,4
2025-05-06;;;;Balance of Trade (Mar);12:30;Medium;-140,5;-137;-123,2
2025-05-07;;;;FOMC Economic Projections;18:00;High;;;
2025-05-08;;;;Jobless Claims 4-Week Average (May/03);12:30;High;227;230;226
2025-05-09;;;;Fed Barr Speech;10:45;Medium;;;
2025-05-12;;;;Fed Kugler Speech;14:25;Medium;;;
2025-05-13;;;;Inflation Rate MoM (Apr);12:30;High;0,2;0,3;-0,1
2025-05-14;;;;Fed Waller Speech;09:15;Medium;;;
2025-05-15;;;;Retail Sales YoY (Apr);12:30;High;5,2;1,1;5,2
2025-05-16;;MENSUELLE;;Housing Starts (Apr);12:30;High;1,361;1,37;1,339
2025-05-19;;;;Fed Bostic Speech;12:30;Medium;;;
2025-05-20;;;;Fed Bostic Speech;13:00;Medium;;;
2025-05-21;;;;MBA 30-Year Mortgage Rate (May/16);11:00;Medium;6,92;;6,86
2025-05-22;;;;Jobless Claims 4-Week Average (May/17);12:30;High;231,5;232,5;230,5
2025-05-23;;;;New Home Sales (Apr);14:00;High;0,743;0,692;0,67
2025-05-27;Post-Memorial Day (faible activité);;;Durable Goods Orders MoM (Apr);12:30;High;-6,3;-7,8;7,6
2025-05-28;Post-Memorial Day (faible activité);;Nvidia (after-market);FOMC Minutes;18:00;High;;;
2025-05-29;Post-Memorial Day (faible activité);;;Gross Domestic Product QoQ (Q1);12:30;High;-0,2;-0,3;2,4
2025-05-30;Post-Memorial Day (faible activité);;;Personal Spending MoM (Apr);12:30;High;0,2;0,2;0,7
2025-06-02;;;;S&P Global Manufacturing PMI (May);13:45;High;52;52,3;50,2
2025-06-03;;;;JOLTs Job Openings (Apr);14:00;High;7,391;7,1;7,2
2025-06-04;;;;ADP Employment Change (May);12:15;High;37;115;60
2025-06-05;;;;Continuing Jobless Claims (May/24);12:30;High;1904;1910;1907
2025-06-06;;;;U-6 Unemployment Rate (May);12:30;High;7,8;7,8;7,8
2025-06-09;;;;Atlanta Fed GDPNow (Q2);15:30;Medium;3,8;3,8;3,8
2025-06-10;;;;API Crude Oil Stock Change (Jun/06);20:30;Medium;-0,37;0,7;-3,3
2025-06-11;;;;Inflation Rate MoM (May);12:30;High;0,1;0,2;0,2
2025-06-12;;;;Jobless Claims 4-Week Average (Jun/07);12:30;High;240,25;237;235,25
2025-06-13;;;;Michigan Consumer Sentiment (Jun);14:00;High;60,5;53,5;52,2
2025-06-16;;;;NY Empire State Manufacturing Index (Jun);12:30;High;-16;-5,5;-9,2
2025-06-17;;;;Retail Sales MoM (May);12:30;High;0,4;0,3;-0,1
2025-06-18;;;;Building Permits (May);12:30;High;1,393;1,43;1,422
2025-06-19;;;;Juneteenth;00:00;;;;
2025-06-20;;QUADRUPLE_WITCHING + MENSUELLE;;Monetary Policy Report;15:00;High;;;
2025-06-23;;;;S&P Global Services PMI (Jun);13:45;High;53,1;52,9;53,7
2025-06-24;;;;Fed Chair Powell Testimony;14:00;High;;;
2025-06-25;;;;New Home Sales (May);14:00;High;-13,7;-5,8;9,6
2025-06-26;;;;Durable Goods Orders ex Defense MoM (May);12:30;High;15,5;4,3;-7,7
2025-06-27;;;;Core PCE Price Index YoY (May);12:30;High;2,7;2,6;2,6
2025-06-30;;;;Chicago PMI (Jun);13:45;Medium;40,4;43;40,5
2025-07-01;;;;Fed Chair Powell Speech;13:30;High;;;
2025-07-02;;;;ADP Employment Change (Jun);12:15;High;-33;95;29
2025-07-03;;;;U-6 Unemployment Rate (Jun);12:30;High;7,7;7,8;7,8
2025-07-07;;;;CFTC S&P 500 speculative net positions;19:30;Medium;-86,8;;-144,8
2025-07-08;;;;BoE Consumer Credit;19:00;Medium;5,1;10,4;16,87
2025-07-09;;;;FOMC Minutes;18:00;High;;;
2025-07-10;;;;Initial Jobless Claims (Jul/05);12:30;High;227;235;232
2025-07-11;;;;Monthly Budget Statement (Jun);18:00;Medium;27;-11;-316
2025-07-14;;;;;;;;;
2025-07-15;Vacances d'été (faible activité);;;NY Empire State Manufacturing Index (Jul);12:30;High;5,5;-9;-16
2025-07-16;Vacances d'été (faible activité);;;Producer Price Index MoM (Jun);12:30;High;0;0,2;0,3
2025-07-17;Vacances d'été (faible activité);;;Retail Sales MoM (Jun);12:30;High;0,6;0,1;-0,9
2025-07-18;Vacances d'été (faible activité);MENSUELLE;;Housing Starts (Jun);12:30;High;1,321;1,3;1,263
2025-07-21;Vacances d'été (faible activité);;;;;;;;
2025-07-22;Vacances d'été (faible activité);;;Fed Chair Powell Speech;12:30;High;;;
2025-07-23;Vacances d'été (faible activité);;Alphabet (after-market);Existing Home Sales (Jun);14:00;High;3,93;4,01;4,04
2025-07-24;Vacances d'été (faible activité);;;Initial Jobless Claims (Jul/19);12:30;High;217;227;221
2025-07-25;Vacances d'été (faible activité);;;Durable Goods Orders MoM (Jun);12:30;High;-9,3;-10,8;16,5
2025-07-28;Vacances d'été (faible activité);;;Dallas Fed Manufacturing Index (Jul);14:30;Medium;0,9;-8;-12,7
2025-07-29;Vacances d'été (faible activité);;;Goods Trade Balance (Jun);12:30;High;-85,99;-98,4;-96,42
2025-07-30;Vacances d'été (faible activité);;Microsoft (after-market);ADP Employment Change (Jul);12:15;High;104;75;-23
2025-07-31;Vacances d'été (faible activité);;Apple (after-market);Initial Jobless Claims (Jul/26);12:30;High;218;224;217
2025-08-01;Vacances d'été (faible activité);;;Non Farm Payrolls (Jul);12:30;High;73;110;14
2025-08-04;Vacances d'été (faible activité);;;Factory Orders MoM (Jun);14:00;Medium;-4,8;-4,9;8,3
2025-08-05;Vacances d'été (faible activité);;;S&P Global Services PMI (Jul);13:45;High;55,7;55,2;52,9
2025-08-06;Vacances d'été (faible activité);;;MBA 30-Year Mortgage Rate (Aug/01);11:00;Medium;6,77;;6,83
2025-08-07;Vacances d'été (faible activité);;;Jobless Claims 4-Week Average (Aug/02);12:30;High;220,75;222;221,25
2025-08-08;Vacances d'été (faible activité);;;Fed Musalem Speech;14:20;Medium;;;
2025-08-11;Vacances d'été (faible activité);;;;;;;;
2025-08-12;Vacances d'été (faible activité);;;Core Inflation Rate YoY (Jul);12:30;High;3,1;3;2,9
2025-08-13;Vacances d'été (faible activité);;;MBA 30-Year Mortgage Rate (Aug/08);11:00;Medium;6,67;;6,77
2025-08-14;Vacances d'été (faible activité);;;Continuing Jobless Claims (Aug/02);12:30;High;1953;1960;1968
2025-08-15;Vacances d'été (faible activité);MENSUELLE;;NY Empire State Manufacturing Index (Aug);12:30;High;11,9;1;5,5
2025-08-18;Vacances d'été (faible activité);;;NAHB Housing Market Index (Aug);14:00;Medium;32;34;33
2025-08-19;Vacances d'été (faible activité);;;Housing Starts (Jul);12:30;High;1,428;1,29;1,358
2025-08-20;Vacances d'été (faible activité);;;FOMC Minutes;18:00;High;;;
2025-08-21;Vacances d'été (faible activité);;;Jackson Hole Symposium;00:00;High;;;
2025-08-22;Vacances d'été (faible activité);;;Jackson Hole Symposium;00:00;High;;;
2025-08-25;Vacances d'été (faible activité);;;New Home Sales (Jul);14:00;High;0,652;0,63;0,656
2025-08-26;Vacances d'été (faible activité);;;Durable Goods Orders ex Defense MoM (Jul);12:30;High;-2,5;-3,6;-9,5
2025-08-27;Vacances d'été (faible activité);;Nvidia (after-market);MBA 30-Year Mortgage Rate (Aug/22);11:00;Medium;6,69;;6,68
2025-08-28;Vacances d'été (faible activité);;;Jobless Claims 4-Week Average (Aug/23);12:30;High;228,5;227;226
2025-08-29;Vacances d'été (faible activité);;;Core PCE Price Index YoY (Jul);12:30;High;2,9;2,9;2,8
2025-09-02;;;;S&P Global Manufacturing PMI (Aug);13:45;High;53;53,3;49,8
2025-09-03;;;;JOLTs Job Openings (Jul);14:00;High;7,181;7,4;7,357
2025-09-04;;;;ADP Employment Change (Aug);12:15;High;54;65;106
2025-09-05;;;;Nonfarm Payrolls Private (Aug);12:30;High;38;75;77
2025-09-08;;;;BoE Consumer Credit;19:00;Medium;16,01;10,4;9,61
2025-09-09;;;;API Crude Oil Stock Change (Sep/05);20:30;Medium;1,25;;0,622
2025-09-10;;;;Producer Price Index MoM (Aug);12:30;High;-0,1;0,3;0,7
2025-09-11;;;;Inflation Rate YoY (Aug);12:30;High;2,9;2,9;2,7
2025-09-12;;;;Michigan Consumer Sentiment (Sep);14:00;High;55,4;58;58,2
2025-09-15;;;;NY Empire State Manufacturing Index (Sep);12:30;High;-8,7;5;11,9
2025-09-16;;;;Retail Sales Ex Gas/Autos MoM (Aug);12:30;High;0,7;-0,1;0,3
2025-09-17;;;;Housing Starts (Aug);12:30;High;1,307;1,37;1,429
2025-09-18;;;;Jobless Claims 4-Week Average (Sep/13);12:30;High;240;244,5;240,75
2025-09-19;;QUADRUPLE_WITCHING + MENSUELLE;;Fed Daly Speech;18:30;Medium;;;
2025-09-22;;;;Chicago Fed National Activity Index (Aug);12:30;Medium;-0,12;-0,17;-0,28
2025-09-23;;;;S&P Global Services PMI (Sep);13:45;High;53,9;54;54,5
2025-09-24;;;;New Home Sales (Aug);14:00;High;0,8;0,65;0,664
2025-09-25;;;;Durable Goods Orders Ex Transp MoM (Aug);12:30;High;0,4;0;1
2025-09-26;;;;Personal Income MoM (Aug);12:30;High;0,4;0,3;0,4
2025-09-29;;;;Fed Waller Speech;11:30;Medium;;;
2025-09-30;;;;JOLTs Job Openings (Aug);14:00;High;7,227;7,2;7,208
2025-10-01;;;;ADP Employment Change (Sep);12:15;High;-32;50;-3
2025-10-02;;;;Jobless Claims 4-Week Average (Sep/27);12:30;High;;239;237,5
2025-10-03;;;;Unemployment Rate (Sep);12:30;High;;4,3;4,3
2025-10-06;;;;;;;;;
2025-10-07;;;;Imports (Aug);12:30;Medium;;341;358,8
2025-10-08;;;;FOMC Minutes;18:00;High;;;
2025-10-09;;;;Jobless Claims 4-Week Average (Sep/27);12:30;High;;239;237,5
2025-10-10;;;;Michigan Consumer Sentiment (Oct);14:00;High;55;54,2;55,1
2025-10-13;;;;Columbus Day;00:00;;;;
2025-10-14;;;;Fed Chair Powell Speech;16:20;High;;;
2025-10-15;;;;Core Inflation Rate MoM (Sep);12:30;High;;0,3;0,3
2025-10-16;;;;Continuing Jobless Claims (Sep/20);12:30;High;;1930;1926
2025-10-17;;MENSUELLE;;Unemployment Rate (Sep);12:30;High;;4,3;4,3
2025-10-20;;;;Net Long-Term TIC Flows (Aug);20:00;Medium;;;49,2
2025-10-21;;;;Business Inventories MoM (Aug);11:30;Medium;;0,1;0,2
2025-10-22;;;;MBA 30-Year Mortgage Rate (Oct/17);11:00;Medium;6,37;;6,42
2025-10-23;;;;Jobless Claims 4-Week Average (Oct/18);12:30;High;;247;
2025-10-24;;;;Inflation Rate MoM (Sep);12:30;High;0,3;0,4;0,4
2025-10-27;;;;Durable Goods Orders Ex Transp MoM (Sep);12:30;High;;0,2;0,4
2025-10-28;;;;S&P/Case-Shiller Home Price YoY (Aug);13:00;Medium;1,6;1,9;1,8
2025-10-29;;;Alphabet, Microsoft (after-market);Goods Trade Balance (Sep);12:30;High;;-90;-85,5
2025-10-30;;;Apple (after-market);Initial Jobless Claims (Oct/25);12:30;High;;257;
2025-10-31;;;;Personal Spending MoM (Sep);12:30;High;;0,4;0,6
2025-11-03;;;;S&P Global Manufacturing PMI (Oct);14:45;High;52,5;52,2;52
2025-11-04;;;;JOLTs Job Openings (Sep);15:00;High;;7,2;7,227
2025-11-05;;;;ADP Employment Change (Oct);13:15;High;42;25;-29
2025-11-06;;;;JOLTs Job Openings (Sep);13:00;High;;;7,227
2025-11-07;;;;Unemployment Rate (Sep);13:30;High;;4,3;4,3
2025-11-10;;;;;;;;;
2025-11-11;;;;Veterans Day;00:00;;;;
2025-11-12;;;;Fed Barr Speech;03:25;Medium;;;
2025-11-13;;;;Initial Jobless Claims (Nov/08);13:30;High;;260;
2025-11-14;;;;Retail Sales MoM (Oct);13:30;High;;0,3;
2025-11-17;;;;NY Empire State Manufacturing Index (Nov);13:30;High;18,7;6;10,7
2025-11-18;;;;Initial Jobless Claims (Oct/18);10:00;High;232;223;219
2025-11-19;;;Nvidia (after-market);Housing Starts (Oct);13:30;High;;1,33;
2025-11-20;;;;Unemployment Rate (Sep);13:30;High;4,4;4,3;4,3
2025-11-21;;MENSUELLE;;S&P Global Services PMI (Nov);14:45;High;55;54,6;54,8
2025-11-24;;;;Chicago Fed National Activity Index (Oct);13:30;Medium;;-0,2;
2025-11-25;;;;Retail Sales YoY (Sep);13:30;High;4,3;3,9;5
2025-11-26;;;;Durable Goods Orders Ex Transp MoM (Sep);13:30;High;0,6;0,2;0,5
2025-11-28;Black Friday (demi-journée);;;;;;;;
2025-12-01;;;;S&P Global Manufacturing PMI (Nov);14:45;High;52,2;51,9;52,5
2025-12-02;;;;Fed Chair Powell Speech;01:00;High;;;
2025-12-03;;;;ADP Employment Change (Nov);13:15;High;-32;10;47
2025-12-04;;;;Jobless Claims 4-Week Average (Nov/29);13:30;High;214,75;225;224,25
2025-12-05;;;;Personal Income MoM (Sep);15:00;High;0,4;0,3;0,4
2025-12-08;;;;;;;;;
2025-12-09;;;;JOLTs Job Openings (Sep);15:00;High;7,658;7,2;7,227
2025-12-10;;;;Inflation Rate MoM (Nov);13:30;High;;;
2025-12-11;;;;Producer Price Index MoM (Nov);13:30;High;;0,3;
2025-12-12;;;;Fed Hammack Speech;13:30;Medium;;;
2025-12-15;;;;NY Empire State Manufacturing Index (Dec);13:30;High;-3,9;10;18,7
2025-12-16;;;;Retail Sales Ex Gas/Autos MoM (Oct);13:30;High;0,5;0,2;0
2025-12-17;;;;Retail Sales MoM (Nov);13:30;High;;0,3;
2025-12-18;;;;CPI s,a (Nov);13:30;High;325,031;325,9;
2025-12-19;;QUADRUPLE_WITCHING + MENSUELLE;;Personal Income MoM (Nov);13:30;High;;;
2025-12-22;;;;Chicago Fed National Activity Index (Nov);13:30;Medium;;;
2025-12-23;;;;Core PCE Price Index YoY (Oct);13:30;High;;;2,8
2025-12-24;Noël (demi-journée);;;Durable Goods Orders MoM (Nov);13:30;High;;;
2025-12-26;Post-Noël (faible activité);;;CFTC S&P 500 speculative net positions;20:30;Medium;;;-190,4
2025-12-29;Post-Noël (faible activité);;;Goods Trade Balance (Nov);13:30;High;;-86;
2025-12-30;Post-Noël (faible activité);;;FOMC Minutes;19:00;High;;;
2025-12-31;Post-Noël (faible activité);;;Continuing Jobless Claims (Dec/20);13:30;High;1866;1915;1913
2026-01-02;Début année (faible activité);;;Continuing Jobless Claims (Dec/20);13:30;High;;;
2026-01-05;;;;S&P Global Services PMI (Dec);13:45;High;;;52,9
2026-01-06;;;;Fed Barkin Speech;13:00;Medium;;;
2026-01-07;;;;ADP Employment Change (Dec);13:15;High;41;47;-29
2026-01-08;;;;Continuing Jobless Claims (Dec/27);13:30;High;1914;1900;1858
2026-01-09;;;;U-6 Unemployment Rate (Dec);13:30;High;8,4;8,8;8,7
2026-01-12;;;;Fed Bostic Speech;17:30;Medium;;;
2026-01-13;;;;Core Inflation Rate YoY (Dec);13:30;High;2,6;2,7;2,6
2026-01-14;;;;Producer Price Index MoM (Dec);13:30;High;;;
2026-01-15;;;;Retail Sales YoY (Dec);13:30;High;;;
2026-01-16;;MENSUELLE;;Industrial Production MoM (Dec);14:15;Medium;0,4;0,1;0,2
2026-01-20;;;;API Crude Oil Stock Change (Jan/16);21:30;Medium;3,04;;5,27
2026-01-21;;;;Housing Starts (Dec);13:30;High;;;
2026-01-22;;;;Jobless Claims 4-Week Average (Jan/17);13:30;High;201,5;203;205
2026-01-23;;;;S&P Global Services PMI (Jan);14:45;High;52,5;52,9;52,5
2026-01-26;;;;Durable Goods Orders MoM (Nov);13:30;High;5,3;1,1;0,2
2026-01-27;;;;CB Consumer Confidence (Jan);15:00;High;84,5;90,6;94,2
2026-01-28;;;;Durable Goods Orders MoM (Dec);13:30;High;;;
2026-01-29;;;;Personal Income MoM (Dec);13:30;High;;;
2026-01-30;;;;Producer Price Index MoM (Dec);13:30;High;0,5;0,2;0,2
2026-02-02;;;;ISM Manufacturing PMI (Jan);15:00;High;52,6;48,2;47,9
2026-02-03;;;;Fed Barkin Speech;13:00;Medium;;;
2026-02-04;;;Alphabet (after-market);ISM Non-Manufacturing PMI (Jan);15:00;High;53,8;53,5;53,8
2026-02-05;;;;JOLTs Job Openings (Dec);15:00;High;6,542;7;6,928
2026-02-06;;;;Michigan Consumer Sentiment (Feb);15:00;High;57,3;53;56,4
2026-02-09;;;;Fed Waller Speech;18:30;Medium;;;
2026-02-10;;;;Import Prices MoM (Dec);13:30;Medium;0,1;0,3;0,4
2026-02-11;;;;Unemployment Rate (Jan);13:30;High;4,3;4,5;4,4
2026-02-12;;;;Existing Home Sales (Jan);15:00;High;3,91;4,2;4,27
2026-02-13;;;;Core Inflation Rate MoM (Jan);13:30;High;0,3;0,2;0,2
2026-02-17;;;;Retail Sales MoM (Jan);13:30;Medium;;;
2026-02-18;;;;Housing Starts (Jan);13:30;High;;;
2026-02-19;;;;Fed Bostic Speech;13:20;Medium;;;
2026-02-20;;MENSUELLE;;Core PCE Price Index MoM (Dec);13:30;High;0,4;0,2;0,2
2026-02-23;;;;Fed Waller Speech;13:00;Medium;;;
2026-02-24;;;;CB Consumer Confidence (Feb);15:00;High;91,2;87,4;89
2026-02-25;;;Nvidia (after-market);MBA 30-Year Mortgage Rate (Feb/20);12:00;Medium;6,09;;6,17
2026-02-26;;;;Personal Spending MoM (Jan);13:30;High;;;
2026-02-27;;;;Producer Price Index MoM (Jan);13:30;High;0,5;0,3;0,3